"","track_name","artist_names","peak_rank","weeks_on_chart","album"
"1","drivers license","Olivia Rodrigo",1,8,"SOUR"
"2","drivers license","Olivia Rodrigo",1,8,"drivers license"
"3","Save Your Tears","The Weeknd",2,13,"After Hours"
"4","Blinding Lights","The Weeknd",1,66,"After Hours"
"5","Blinding Lights","The Weeknd",1,66,"Blinding Lights"
"6","DÁKITI","Bad Bunny, Jhay Cortez",1,18,0
"7","Calling My Phone","Lil Tjay, 6LACK",4,3,0
"8","telepatía","Kali Uchis",6,2,"Sin Miedo (del Amor y Otros Demonios) ∞"
"9","Astronaut In The Ocean","Masked Wolf",7,7,"Astronaut In The Ocean"
"10","Bandido","Myke Towers, Juhn",5,11,0
"11","The Business","Tiësto",9,18,"The Business"
"12","Mood (feat. iann dior)","24kGoldn, iann dior",1,30,0
"13","WITHOUT YOU","The Kid LAROI",7,13,"F*CK LOVE (SAVAGE)"
"14","LA NOCHE DE ANOCHE","Bad Bunny, ROSALÍA",2,14,0
"15","Streets","Doja Cat",9,8,0
"16","Up","Cardi B",14,4,"Up (Instrumental)"
"17","Good Days","SZA",5,10,"Good Days"
"18","Levitating (feat. DaBaby)","Dua Lipa, DaBaby",14,22,0
"19","Whoopty","CJ",8,19,"Whoopty"
"20","BICHOTA","KAROL G",3,19,0
"21","Dynamite","BTS",2,28,0
"22","Heartbreak Anniversary","Giveon",20,3,"TAKE TIME"
"23","Baila Conmigo (with Rauw Alejandro)","Selena Gomez, Rauw Alejandro",17,5,0
"24","positions","Ariana Grande",1,19,"Positions"
"25","positions","Ariana Grande",1,19,"positions"
"26","34+35","Ariana Grande",5,18,"Positions"
"27","Ella No Es Tuya - Remix","Rochy RD, Myke Towers, Nicki Nicole",24,3,0
"28","Lemonade (feat. Gunna, Don Toliver & NAV)","Internet Money, Gunna, Don Toliver, NAV",2,29,0
"29","Hecha Pa' Mi","Boza",17,14,0
"30","We're Good","Dua Lipa",22,3,0
"31","Paradise (feat. Dermot Kennedy)","MEDUZA, Dermot Kennedy",25,18,0
"32","Someone You Loved","Lewis Capaldi",4,113,0
"33","Anyone","Justin Bieber",6,9,0
"34","Wellerman - Sea Shanty / 220 KID x Billen Ted Remix","Nathan Evans, 220 KID, Billen Ted",31,3,0
"35","you broke me first","Tate McRae",13,34,0
"36","Heat Waves","Glass Animals",33,10,"Heat Waves"
"37","Heat Waves","Glass Animals",33,10,"Dreamland (+ Bonus Levels)"
"38","What You Know Bout Love","Pop Smoke",6,26,"Shoot For The Stars Aim For The Moon"
"39","Goosebumps - Remix","Travis Scott, HVME",35,7,0
"40","Watermelon Sugar","Harry Styles",4,68,0
"41","Arcade","Duncan Laurence",35,8,0
"42","Head & Heart (feat. MNEK)","Joel Corry, MNEK",11,34,0
"43","Your Love (9PM)","ATB, Topic, A7S",39,5,0
"44","Therefore I Am","Billie Eilish",2,16,"Therefore I Am"
"45","GIRL LIKE ME","Black Eyed Peas, Shakira",36,11,0
"46","ROCKSTAR (feat. Roddy Ricch)","DaBaby, Roddy Ricch",1,46,0
"47","Prisoner (feat. Dua Lipa)","Miley Cyrus, Dua Lipa",11,15,0
"48","Hawái","Maluma",2,31,"PAPI JUANCHO"
"49","Dance Monkey","Tones And I",1,85,0
"50","Sweater Weather","The Neighbourhood",35,27,"I Love You."
"51","WAP (feat. Megan Thee Stallion)","Cardi B, Megan Thee Stallion",1,30,0
"52","Reloj","Rauw Alejandro, Anuel AA",32,18,0
"53","Don't Start Now","Dua Lipa",2,70,"Don't Start Now"
"54","Roses - Imanbek Remix","SAINt JHN, Imanbek",3,64,0
"55","Friday (feat. Mufasa & Hypeman) - Dopamine Re-Edit","Riton, Nightcrawlers, Mufasa & Hypeman, Dopamine",51,2,0
"56","Best Friend (feat. Doja Cat)","Saweetie, Doja Cat",52,8,0
"57","Before You Go","Lewis Capaldi",19,67,0
"58","La Nota","Manuel Turizo, Rauw Alejandro, Myke Towers",21,21,0
"59","Heather","Conan Gray",12,32,0
"60","For The Night (feat. Lil Baby & DaBaby)","Pop Smoke, Lil Baby, DaBaby",7,35,0
"61","SugarCrash!","ElyOtto",57,2,"SugarCrash!"
"62","No Te Enamores - Remix","Milly, Farruko, Nio Garcia, Jay Wheeler, Amenazzy",58,8,0
"63","My Head & My Heart","Ava Max",59,3,0
"64","Monster (Shawn Mendes & Justin Bieber)","Shawn Mendes, Justin Bieber",7,15,0
"65","Circles","Post Malone",1,79,0
"66","Goosebumps","HVME",33,16,0
"67","Lonely (with benny blanco)","Justin Bieber, benny blanco",5,20,0
"68","AP - Music from the film Boogie","Pop Smoke",64,1,0
"69","lovely (with Khalid)","Billie Eilish, Khalid",24,150,0
"70","TE MUDASTE","Bad Bunny",12,14,0
"71","Sunflower - Spider-Man: Into the Spider-Verse","Post Malone, Swae Lee",1,124,0
"72","death bed (coffee for your head)","Powfu, beabadoobee",4,55,0
"73","Afterglow","Ed Sheeran",18,11,0
"74","Holy (feat. Chance The Rapper)","Justin Bieber, Chance the Rapper",4,24,0
"75","Lucid Dreams","Juice WRLD",3,147,0
"76","Relación - Remix","Sech, Daddy Yankee, J Balvin, ROSALÍA, Farruko",15,26,0
"77","Savage Love (Laxed - Siren Beat)","Jawsh 685, Jason Derulo",1,38,0
"78","Only Wanna Be With You - Pokémon 25 Version","Post Malone",74,1,0
"79","At My Worst","Pink Sweat$",75,18,"The Prelude"
"80","LOCATION","KAROL G, Anuel AA, J Balvin",73,3,0
"81","Shallow","Lady Gaga, Bradley Cooper",3,127,0
"82","goosebumps","Travis Scott",13,186,0
"83","Ropa Cara","Camilo",40,6,0
"84","willow","Taylor Swift",3,12,0
"85","bad guy","Billie Eilish",1,101,0
"86","The Hills","The Weeknd",52,14,0
"87","Golden","Harry Styles",44,20,0
"88","Señorita","Shawn Mendes, Camila Cabello",1,89,0
"89","The Box","Roddy Ricch",1,64,"Please Excuse Me for Being Antisocial"
"90","Laugh Now Cry Later (feat. Lil Durk)","Drake, Lil Durk",2,29,0
"91","Chica Ideal","Sebastian Yatra, Guaynaa",40,19,0
"92","Adore You","Harry Styles",6,65,0
"93","Breaking Me","Topic, A7S",8,50,0
"94","Fiel","Los Legendarios, Wisin, Jhay Cortez",90,3,0
"95","Hasta Abajo","Kevin Roldan, Bryant Myers, Lyanno",91,7,0
"96","Mi Niña","Wisin, Myke Towers, Los Legendarios",37,22,0
"97","Memories","Maroon 5",2,76,0
"98","911","Sech",94,3,0
"99","BEBÉ","Camilo, El Alfa",45,13,0
"100","Hello (feat. A Boogie Wit da Hoodie)","Pop Smoke, A Boogie Wit da Hoodie",88,26,0
"101","Snowman","Sia",12,12,"Everyday Is Christmas (Deluxe Edition)"
"102","Believer","Imagine Dragons",16,213,0
"103","Life Goes On","BTS",4,15,0
"104","UN DIA (ONE DAY) (Feat. Tainy)","J Balvin, Dua Lipa, Bad Bunny, Tainy",10,32,0
"105","Blueberry Faygo","Lil Mosey",8,56,"Certified Hitmaker"
"106","Back In Blood (feat. Lil Durk)","Pooh Shiesty, Lil Durk",102,2,0
"107","Wishing Well","Juice WRLD",7,34,0
"108","Say You Won't Let Go","James Arthur",7,216,0
"109","test drive","Ariana Grande",38,2,0
"110","In Your Eyes","The Weeknd",6,47,"After Hours"
"111","Daddy Issues","The Neighbourhood",99,21,0
"112","HOLIDAY","Lil Nas X",19,16,"HOLIDAY"
"113","Perfect","Ed Sheeran",4,207,0
"114","Shape of You","Ed Sheeran",1,214,0
"115","HIGHEST IN THE ROOM","Travis Scott",1,74,0
"116","Dior","Pop Smoke",40,50,0
"117","Take You Dancing","Jason Derulo",30,32,"Take You Dancing"
"118","Jocelyn Flores","XXXTENTACION",7,183,0
"119","Take Me To Church","Hozier",115,21,0
"120","Vida de Rico","Camilo",25,23,0
"121","Starboy","The Weeknd, Daft Punk",1,78,0
"122","Robbery","Juice WRLD",18,85,0
"123","Polvo","Nicky Jam, Myke Towers",82,15,0
"124","Life Is Good (feat. Drake)","Future, Drake",3,60,0
"125","I Feel It Coming","The Weeknd, Daft Punk",9,61,0
"126","Train Wreck","James Arthur",62,20,0
"127","Hayloft","Mother Mother",123,10,0
"128","Una Locura","Ozuna, J Balvin, Chencho Corleone",34,25,0
"129","La Tóxica","Farruko",22,26,0
"130","Put Your Records On","Ritt Momney",18,25,"Put Your Records On"
"131","Falling","Trevor Daniel",5,68,"Falling"
"132","All We Got (feat. KIDDO)","Robin Schulz, KIDDO",86,10,0
"133","Tapão Na Raba","Raí Saia Rodada",129,2,0
"134","Come & Go (with Marshmello)","Juice WRLD, Marshmello",4,34,0
"135","Dreams - 2004 Remaster","Fleetwood Mac",20,23,0
"136","Why'd You Only Call Me When You're High?","Arctic Monkeys",104,10,0
"137","Do I Wanna Know?","Arctic Monkeys",117,10,0
"138","All Girls Are The Same","Juice WRLD",48,80,0
"139","Bohemian Rhapsody - Remastered 2011","Queen",11,129,0
"140","Parce (feat. Justin Quiles)","Maluma, Lenny Tavárez, Justin Quiles",37,28,0
"141","All of Me","John Legend",110,105,0
"142","7 rings","Ariana Grande",1,109,0
"143","Break My Heart","Dua Lipa",7,49,"Future Nostalgia"
"144","Tú Me Dejaste De Querer","C. Tangana, Niño de Elche, La Húngara",42,12,0
"145","If the World Was Ending (feat. Julia Michaels)","JP Saxe, Julia Michaels",38,68,0
"146","Love Story (Taylor’s Version)","Taylor Swift",8,3,0
"147","Esquema Preferido (feat. Tarcísio do Acordeon)","DJ Ivis, Tarcísio do Acordeon",97,5,0
"148","Ride It","Regard",12,78,0
"149","SICKO MODE","Travis Scott",2,134,0
"150","Martin & Gina","Polo G",116,20,0
"151","La Curiosidad","Jay Wheeler, DJ Nelson, Myke Towers",19,36,0
"152","Stuck with U (with Justin Bieber)","Ariana Grande, Justin Bieber",2,43,0
"153","my ex's best friend (with blackbear)","Machine Gun Kelly, blackbear",39,29,0
"154","SAD!","XXXTENTACION",1,155,0
"155","Se Te Nota (with Guaynaa)","Lele Pons, Guaynaa",24,24,0
"156","Somebody That I Used To Know","Gotye, Kimbra",152,2,0
"157","Rain On Me (with Ariana Grande)","Lady Gaga, Ariana Grande",1,41,0
"158","Tusa","KAROL G, Nicki Minaj",3,69,0
"159","Love Not War (The Tampa Beat)","Jason Derulo, Nuka",105,10,0
"160","Every Breath You Take","The Police",157,12,0
"161","Godzilla (feat. Juice WRLD)","Eminem, Juice WRLD",4,59,0
"162","Ponte Pa' Mi","Justin Quiles",141,10,0
"163","Ele É Ele, Eu Sou Eu","Wesley Safadão, Os Barões Da Pisadinha",107,7,0
"164","Antes","Anuel AA, Ozuna",54,6,0
"165","Yellow","Coldplay",153,11,0
"166","Head Shoulders Knees & Toes (feat. Norma Jean Martine)","Ofenbach, Quarterhead, Norma Jean Martine",91,25,0
"167","Mood Swings (feat. Lil Tjay)","Pop Smoke, Lil Tjay",12,35,0
"168","POPSTAR (feat. Drake)","DJ Khaled, Drake",7,33,0
"169","SO DONE","The Kid LAROI",46,19,0
"170","Just the Way You Are","Bruno Mars",155,4,0
"171","Whats Poppin (feat. DaBaby, Tory Lanez & Lil Wayne) [Remix] - Bonus Track","Jack Harlow, Tory Lanez, DaBaby, Lil Wayne",15,35,0
"172","everything i wanted","Billie Eilish",2,68,0
"173","Closer","The Chainsmokers, Halsey",2,159,0
"174","when the party's over","Billie Eilish",9,118,0
"175","Smells Like Teen Spirit","Nirvana",169,9,0
"176","Counting Stars","OneRepublic",173,3,0
"177","Riptide","Vance Joy",171,16,0
"178","hot girl bummer","blackbear",9,78,"hot girl bummer"
"179","Fan de Tus Fotos","Nicky Jam, Romeo Santos",176,1,0
"180","Stressed Out","Twenty One Pilots",63,38,0
"181","Facas - Ao Vivo","Diego & Victor Hugo, Bruno & Marrone",137,5,0
"182","Jeans","Justin Quiles",35,27,0
"183","How You Like That","BLACKPINK",4,36,0
"184","ROXANNE","Arizona Zervas",2,70,"ROXANNE"
"185","Star Shopping","Lil Peep",152,22,0
"186","rockstar (feat. 21 Savage)","Post Malone, 21 Savage",1,172,0
"187","Electric Love","BØRNS",61,25,"Dopamine"
"188","Párteme La Cara","C. Tangana, Ed Maverick",185,1,0
"189","Mr. Brightside","The Killers",148,42,0
"190","The Less I Know The Better","Tame Impala",149,50,"Currents"
"191","Take on Me","a-ha",188,2,0
"192","Someone To You","BANNERS",123,24,0
"193","What Other People Say","Sam Fischer, Demi Lovato",190,1,0
"194","Hope","XXXTENTACION",42,30,0
"195","Maniac","Conan Gray",112,27,"Kid Krow"
"196","Without Me","Halsey",4,121,"Without Me"
"197","In the End","Linkin Park",22,12,0
"198","BOOKER T","Bad Bunny",33,12,0
"199","Intentions (feat. Quavo)","Justin Bieber, Quavo",5,54,0
"200","Sofia","Clairo",49,22,0
"201","Photograph","Ed Sheeran",41,149,0
"202","Something Just Like This","The Chainsmokers, Coldplay",2,161,0
"203","Say So","Doja Cat",6,59,"Hot Pink"
"204","STAY (with Justin Bieber)","The Kid LAROI, Justin Bieber",1,6,0
"205","INDUSTRY BABY (feat. Jack Harlow)","Lil Nas X, Jack Harlow",2,4,0
"206","Beggin'","Måneskin",1,11,"Chosen"
"207","Bad Habits","Ed Sheeran",3,8,"Bad Habits"
"208","good 4 u","Olivia Rodrigo",1,14,"good 4 u"
"209","good 4 u","Olivia Rodrigo",1,14,"SOUR"
"210","Happier Than Ever","Billie Eilish",6,3,0
"211","Need to Know","Doja Cat",7,10,"Planet Her"
"212","Pepas","Farruko",8,6,"Pepas"
"213","MONTERO (Call Me By Your Name)","Lil Nas X",1,21,"MONTERO (Call Me By Your Name)"
"214","Kiss Me More (feat. SZA)","Doja Cat, SZA",3,19,0
"215","Take My Breath - Single Version","The Weeknd",7,2,0
"216","Todo De Ti","Rauw Alejandro",2,13,"Todo De Ti"
"217","Volví","Aventura, Bad Bunny",10,3,0
"218","Woman","Doja Cat",14,6,"Planet Her"
"219","I WANNA BE YOUR SLAVE","Måneskin",8,13,0
"220","Yonaguni","Bad Bunny",3,11,0
"221","Qué Más Pues?","J Balvin, Maria Becerra",9,12,0
"222","traitor","Olivia Rodrigo",7,13,0
"223","Peaches (feat. Daniel Caesar & Giveon)","Justin Bieber, Daniel Caesar, Giveon",1,22,0
"224","Rumors (feat. Cardi B)","Lizzo, Cardi B",21,1,0
"225","Save Your Tears (with Ariana Grande) (Remix)","The Weeknd, Ariana Grande",5,17,0
"226","Butter","BTS",2,13,"Butter (Hotter, Sweeter, Cooler)"
"227","deja vu","Olivia Rodrigo",3,20,"SOUR"
"228","AM Remix","Nio Garcia, J Balvin, Bad Bunny",14,8,0
"229","Volando - Remix","Mora, Bad Bunny, Sech",19,6,0
"230","Permission to Dance","BTS",5,6,"Butter / Permission to Dance"
"231","París","Ingratax",31,4,0
"232","2055","Sleepy Hallow",32,5,0
"233","Leave The Door Open","Bruno Mars, Anderson .Paak, Silk Sonic",5,24,0
"234","Ain't Shit","Doja Cat",22,8,"Planet Her"
"235","911 - Remix","Sech, Jhay Cortez",35,6,0
"236","happier","Olivia Rodrigo",12,13,"SOUR"
"237","Entre Nosotros","Tiago PZK, LIT killah",34,6,0
"238","Cúrame","Rauw Alejandro",39,4,0
"239","Sobrio","Maluma",41,6,0
"240","Don't Go Yet","Camila Cabello",32,4,0
"241","Love Tonight - Edit","Shouse",44,7,0
"242","Miénteme","TINI, Maria Becerra",41,16,0
"243","jealousy, jealousy","Olivia Rodrigo",17,13,0
"244","Pareja Del Año","Sebastian Yatra, Myke Towers",10,18,0
"245","Tiroteo - Remix","Marc Seguí, Rauw Alejandro, Pol Granch",48,7,0
"246","favorite crime","Olivia Rodrigo",11,13,0
"247","RAPSTAR","Polo G",3,19,"RAPSTAR"
"248","Poblado - Remix","J Balvin, KAROL G, Nicky Jam, Crissin, Totoy El Frio, Natan & Shander",33,9,0
"249","In Da Getto","J Balvin, Skrillex",53,7,0
"250","Freaks","Surf Curse",55,16,"Freaks"
"251","Motley Crew","Post Malone",18,6,0
"252","Loco","Justin Quiles, Chimbala, Zion & Lennox",58,11,0
"253","Heartbreak Anthem (with David Guetta & Little Mix)","Galantis, David Guetta, Little Mix",46,13,0
"254","Leave Before You Love Me (with Jonas Brothers)","Marshmello, Jonas Brothers",52,12,0
"255","Get Into It (Yuh)","Doja Cat",62,3,0
"256","double take","dhruv",65,6,"double take"
"257","Meu Pedaço de Pecado","João Gomes",57,8,0
"258","Rasputin","Majestic, Boney M.",40,17,0
"259","Love Again","Dua Lipa",70,6,0
"260","Run","OneRepublic",56,15,0
"261","You Right","Doja Cat, The Weeknd",15,8,0
"262","Fiel - Remix","Wisin, Jhay Cortez, Anuel AA, Los Legendarios, Myke Towers",29,9,0
"263","Bilmem Mi?","Sefo",75,2,0
"264","Cold Heart - PNAU Remix","Elton John, Dua Lipa, PNAU",76,1,0
"265","Beautiful Mistakes (feat. Megan Thee Stallion)","Maroon 5, Megan Thee Stallion",34,24,0
"266","Thot Shit","Megan Thee Stallion",46,10,"Thot Shit"
"267","Dark Red","Steve Lacy",81,2,0
"268","Don't Be Shy","Tiësto, KAROL G",82,1,0
"269","Quer Voar","Matuê",83,1,0
"270","Skate","Bruno Mars, Anderson .Paak, Silk Sonic",33,3,0
"271","Levitating","Dua Lipa",52,22,"Future Nostalgia"
"272","ALMAS GEMELAS","Myke Towers",87,3,0
"273","Build a Bitch","Bella Poarch",20,14,"Build a Bitch"
"274","brutal","Olivia Rodrigo",9,13,0
"275","2/Catorce","Rauw Alejandro, Mr. Naisgai",31,15,0
"276","Iko Iko (My Bestie)","Justin Wellington, Small Jam",78,11,0
"277","FULANITO","Becky G, El Alfa",89,6,0
"278","NDA","Billie Eilish",19,6,0
"279","NOT SOBER (feat. Polo G & Stunna Gambino)","The Kid LAROI, Polo G, Stunna Gambino",36,4,0
"280","Chosen (feat. Ty Dolla $ign)","Blxst, Tyga, Ty Dolla $ign",104,4,0
"281","EL MAKINON","KAROL G, Mariah Angeliq",33,21,0
"282","Botella Tras Botella","Gera MX, Christian Nodal",9,17,0
"283","Wants and Needs (feat. Lil Baby)","Drake, Lil Baby",6,24,0
"284","MORENA","Luan Santana",111,6,0
"285","Here's Your Perfect","Jamie Miller",104,7,"Here's Your Perfect"
"286","Love Me Now (feat. Zoe Wees)","Kygo, Zoe Wees",113,1,0
"287","Talking to the Moon","Bruno Mars",45,22,"Doo-Wops & Hooligans"
"288","Dinero","Trinidad Cardona",33,10,"Dinero"
"289","Rolê","Tarcísio do Acordeon, Marcynho Sensação",117,2,0
"290","Hold On","Justin Bieber",5,24,"Justice"
"291","BED","Joel Corry, RAYE, David Guetta",42,23,0
"292","Ficha Limpa","Gusttavo Lima",125,7,0
"293","YaMeFui","Bizarrap, Duki, Nicki Nicole",99,3,0
"294","ZITTI E BUONI","Måneskin",12,14,0
"295","No Me Conocen (Remix) [con DUKI, Rei & Tiago PZK]","BANDIDO, Duki, Rei, Tiago PZK",103,8,0
"296","The Nights","Avicii",44,23,0
"297","512","Mora, Jhay Cortez",55,16,0
"298","REPEAT IT (with Gunna)","Lil Tecca, Gunna",128,2,0
"299","Aquelas Coisas","João Gomes",131,6,0
"300","papercuts","Machine Gun Kelly",140,1,0
"301","Pain","PinkPantheress",143,3,0
"302","Just for me","PinkPantheress",145,1,0
"303","Nicky Jam: Bzrp Music Sessions, Vol. 41","Bizarrap, Nicky Jam",19,7,0
"304","Another Love","Tom Odell",76,19,"Long Way Down (Deluxe)"
"305","Auf & Ab","Montez",144,3,0
"306","Miss The Rage (feat. Playboi Carti)","Trippie Redd, Playboi Carti",19,15,0
"307","Never Going Home","Kungs",155,3,0
"308","Little Bit of Love","Tom Grennan",110,16,0
"309","Wake Me Up","Avicii",13,50,0
"310","Raataan Lambiyan (From ""Shershaah"")","Tanishk Bagchi, Jubin Nautiyal, Asees Kaur",161,1,0
"311","Remember","Becky Hill, David Guetta",162,2,0
"312","Se For Amor","João Gomes, Vitor Fernandes",154,4,0
"313","Fancy Like","Walker Hayes",166,4,0
"314","Bezos I","Bo Burnham",83,5,0
"315","Over The Top (feat. Drake)","Smiley, Drake",71,4,0
"316","A-O-K","Tai Verdes",173,1,0
"317","OUT OUT (feat. Charli XCX & Saweetie)","Joel Corry, Jax Jones, Charli XCX, Saweetie",174,1,0
"318","Ram Pam Pam","Natti Natasha, Becky G",75,13,0
"319","Dandelions","Ruth B.",177,2,"Safe Haven"
"320","Love Tonight - David Guetta Remix Edit","Shouse, David Guetta",178,1,0
"321","Sal y Perrea","Sech",59,14,0
"322","Another One Bites The Dust - Remastered 2011","Queen",36,82,0
"323","Reckless","Madison Beer",85,8,"Reckless"
"324","The Real Slim Shady","Eminem",172,15,0
"325","Baby Me Atende","Matheus Fernandes, Dilsinho",128,10,0
"326","Tell Em","Cochise, $NOT",110,12,0
"327","One Dance","Drake, WizKid, Kyla",12,109,0
"328","Stereo Hearts (feat. Adam Levine)","Gym Class Heroes, Adam Levine",136,16,0
"329","Mi Debilidad","Maria Becerra",199,1,0
"330","Runaway","AURORA",19,21,0
"331","Easy On Me","Adele",1,3,0
"332","Shivers","Ed Sheeran",4,8,0
"333","MONEY","LISA",5,8,"LALISA"
"334","My Universe","Coldplay, BTS",3,6,0
"335","love nwantiti (ah ah ah)","CKay",9,8,"CKay The First"
"336","Moth To A Flame (with The Weeknd)","Swedish House Mafia, The Weeknd",7,2,0
"337","Overpass Graffiti","Ed Sheeran",14,1,0
"338","love nwantiti (feat. Dj Yo! & AX'EL) - Remix","CKay, Dj Yo!, AX'EL",14,7,0
"339","THATS WHAT I WANT","Lil Nas X",3,7,"MONTERO"
"340","Lo Siento BB:/ (with Bad Bunny & Julieta Venegas)","Tainy, Bad Bunny, Julieta Venegas",12,5,0
"341","Meet Me At Our Spot","THE ANXIETY, WILLOW, Tyler Cole",24,9,0
"342","Where Are You Now","Lost Frequencies, Calum Scott",28,9,0
"343","Ghost","Justin Bieber",31,7,"Justice"
"344","Better Days (NEIKED x Mae Muller x Polo G)","NEIKED, Mae Muller, Polo G",32,3,0
"345","Way 2 Sexy (with Future & Young Thug)","Drake, Future, Young Thug",5,9,0
"346","Toxic","BoyWithUke",36,3,"Faded"
"347","Nostálgico","Rvssian, Rauw Alejandro, Chris Brown",40,8,0
"348","Knife Talk (with 21 Savage ft. Project Pat)","Drake, 21 Savage, Project Pat",10,9,0
"349","I Love You So","The Walters",44,4,0
"350","SG (with Ozuna, Megan Thee Stallion & LISA of BLACKPINK)","DJ Snake, Ozuna, Megan Thee Stallion, LISA",41,2,0
"351","Índigo","Camilo, Evaluna Montaner",39,3,0
"352","Fair Trade (with Travis Scott)","Drake, Travis Scott",3,9,0
"353","Praise God","Kanye West",16,8,0
"354","Ley Seca","Jhay Cortez, Anuel AA",44,9,0
"355","2step","Ed Sheeran",57,1,0
"356","Enemy (with JID) - from the series Arcane League of Legends","Imagine Dragons, JID, Arcane, League of Legends",61,1,0
"357","First Times","Ed Sheeran",62,1,0
"358","When We Were Young","Adele",33,5,0
"359","Rolling in the Deep","Adele",36,5,0
"360","Bored","Billie Eilish",51,6,0
"361","The Feels","TWICE",57,5,0
"362","GHOST TOWN","Benson Boone",72,2,0
"363","Someone Like You","Adele",38,6,0
"364","Coração Cachorro","Avine Vinny, Matheus Fernandes",72,4,0
"365","Happier Than Ever - Edit","Billie Eilish",70,8,0
"366","Visiting Hours","Ed Sheeran",30,5,0
"367","LALISA","LISA",18,8,"LALISA"
"368","Tides","Ed Sheeran",84,1,0
"369","edamame (feat. Rich Brian)","bbno$, Rich Brian",76,11,0
"370","Thriller","Michael Jackson",90,4,0
"371","Love In The Dark","Adele",46,4,0
"372","Acapulco","Jason Derulo",92,4,0
"373","Nuestra Canción","Monsieur Periné, Vicente Garcia",94,2,0
"374","family ties (with Kendrick Lamar)","Baby Keem, Kendrick Lamar",30,10,0
"375","Salimo de Noche","Tiago PZK, Trueno",96,1,0
"376","Arranhão - Ao Vivo","Henrique & Juliano",84,11,0
"377","Jugaste y Sufrí","Eslabon Armado, DannyLux",94,9,0
"378","I GUESS I'M IN LOVE","Clinton Kane",75,11,0
"379","Girls Want Girls (with Lil Baby)","Drake, Lil Baby",2,9,0
"380","Hurricane","Kanye West",5,10,0
"381","The Joker And The Queen","Ed Sheeran",119,1,0
"382","Do It To It","ACRAZE, Cherish",120,1,0
"383","Revoada No Colchão","Zé Felipe, Marcynho Sensação",115,5,0
"384","Collide","Ed Sheeran",127,1,0
"385","Trava na Pose, Chama no Zoom, Da um Close (feat. Mc Rennan)","DJ Patrick Muniz, Dj Olliver, Mc Topre, Mc Rennan",126,4,0
"386","Leave Your Life","Ed Sheeran",131,1,0
"387","Una Nota","J Balvin, Sech",50,8,0
"388","SEJODIOTO","KAROL G",78,6,0
"389","WFM","RealestK",84,4,"WFM"
"390","Mon Amour - Remix","zzoilo, Aitana",123,9,0
"391","Classic","MKTO",125,5,"MKTO"
"392","GALOPA","PEDRO SAMPAIO",142,1,0
"393","Let Somebody Go","Coldplay, Selena Gomez",28,3,0
"394","Stop The Rain","Ed Sheeran",147,1,0
"395","Sky","Playboi Carti",152,3,0
"396","Like I Can","Sam Smith",55,11,"In The Lonely Hour"
"397","SAD GIRLZ LUV MONEY Remix (feat. Kali Uchis and Moliy)","Amaarae, Kali Uchis, Moliy",159,1,0
"398","Careless Whisper","George Michael",162,2,0
"399","Love In Slow Motion","Ed Sheeran",166,1,0
"400","masquerade","siouxxie sixxsta",167,3,0
"401","Gangsta's Paradise","Coolio, L.V.",132,10,0
"402","Set Fire to the Rain","Adele",61,4,0
"403","Highway to Hell","AC/DC",152,4,0
"404","Nota de Repúdio - Ao Vivo","Gusttavo Lima",136,6,0
"405","Está Dañada","Ivan Cornejo",90,4,0
"406","Infinity","Jaymes Young",136,3,"Feel Something"
"407","Tell It To My Heart","MEDUZA, Hozier",180,1,0
"408","Bala Love","Mc Anjim, Dj Lv Mdp, DJ PH DA SERRA",120,8,0
"409","Oh Na Na","Camila Cabello, Myke Towers, Tainy",185,1,0
"410","Sexo Virtual","Rauw Alejandro",160,8,0
"411","No Role Modelz","J. Cole",119,22,0
"412","Thunder","Gabry Ponte, LUM!X, Prezioso",185,3,0
"413","Mahvettim","cakal",192,1,0
"414","Wildest Dreams (Taylor's Version)","Taylor Swift",29,7,0
"415","Somebody's Watching Me","Rockwell",196,1,0
"416","...And to Those I Love, Thanks for Sticking Around","$uicideboy$",92,7,0
"417","One Right Now (with The Weeknd)","Post Malone, The Weeknd",9,1,0
"418","ESCAPE PLAN","Travis Scott",13,1,0
"419","Smokin Out The Window","Bruno Mars, Anderson .Paak, Silk Sonic",21,1,0
"420","MAFIA","Travis Scott",29,1,0
"421","No Love (with SZA)","Summer Walker, SZA",63,1,0
"422","Esqueça-Me Se For Capaz","Marília Mendonça, Maiara & Maraisa",67,1,0
"423","Anuel AA: Bzrp Music Sessions, Vol. 46","Bizarrap, Anuel AA",78,1,0
"424","Todo Mundo Menos Você","Marília Mendonça, Maiara & Maraisa",99,1,0
"425","The Motto","Tiësto, Ava Max",104,1,0
"426","All I Want for Christmas Is You","Mariah Carey",1,34,0
"427","Lost in the Fire (feat. The Weeknd)","Gesaffelstein, The Weeknd",12,7,0
"428","Enchanted","Taylor Swift",154,1,0
"429","Yours","JIN",165,1,0
"430","FEEL ME??","Trueno",166,1,0
"431","Blank Space","Taylor Swift",147,6,0
"432","Dictadura","Anuel AA",178,1,0
"433","Una Vaina Loca","Fuego, Manuel Turizo, Duki",198,1,0
"434","Lo Vas A Olvidar (with ROSALÍA)","Billie Eilish, ROSALÍA",19,1,0
"435","Skin","Sabrina Carpenter",50,1,0
"436","34+35 Remix (feat. Doja Cat, Megan Thee Stallion) - Remix","Ariana Grande, Doja Cat, Megan Thee Stallion",20,2,0
"437","Bad Boy (with Young Thug)","Juice WRLD, Young Thug",27,2,0
"438","Wonder","Shawn Mendes",12,17,0
"439","Nathy Peluso: Bzrp Music Sessions, Vol. 36","Bizarrap, Nathy Peluso",83,8,0
"440","Body","Megan Thee Stallion",61,10,0
"441","Ohne Dich","KASIMIR1441, badmómzjay, WILDBWOYS",99,2,0
"442","Ay, DiOs Mío!","KAROL G",14,29,0
"443","Vibez","ZAYN",55,3,0
"444","Despeinada","Ozuna, Camilo",37,21,0
"445","Tattoo - Remix with Camilo","Rauw Alejandro, Camilo",22,29,0
"446","Lifestyle (feat. Adam Levine)","Jason Derulo, Adam Levine, Maroon 5",128,1,0
"447","Daisy","Ashnikko",45,19,0
"448","Los Dioses","Anuel AA, Ozuna",137,1,0
"449","Can You Feel My Heart","Bring Me The Horizon",140,2,0
"450","All I Want - From ""High School Musical: The Musical: The Series""","Olivia Rodrigo, Disney",103,11,0
"451","pov","Ariana Grande",20,13,0
"452","Midnight Sky","Miley Cyrus",14,24,0
"453","Tyler Herro","Jack Harlow",62,13,0
"454","Meia Noite (Você tem meu Whatsapp)","Tarcísio do Acordeon",151,5,0
"455","Si Me Tomo Una Cerveza","Migrantes, Alico",132,9,0
"456","Hawái - Remix","Maluma, The Weeknd",17,12,0
"457","ily (i love you baby) (feat. Emilee)","Surf Mesa, Emilee",9,43,0
"458","Toosie Slide","Drake",2,43,"Dark Lane Demo Tapes"
"459","Somebody’s Problem","Morgan Wallen",90,4,0
"460","La Jeepeta - Remix","Nio Garcia, Anuel AA, Myke Towers, Brray, Juanka",13,37,0
"461","Mi Cuarto","Jerry Di",47,23,0
"462","Mds","Kawe, Mc Lele JP, Original Quality",175,1,0
"463","Moonlight","XXXTENTACION",2,131,0
"464","De Una Vez","Selena Gomez",66,2,0
"465","Everybody Dies In Their Nightmares","XXXTENTACION",24,63,0
"466","Wasted On You","Morgan Wallen",83,3,0
"467","I Don't Care (with Justin Bieber)","Ed Sheeran, Justin Bieber",1,86,0
"468","Fly Away","Tones And I",188,3,0
"469","Way Out (feat. Big Sean)","Jack Harlow, Big Sean",121,7,0
"470","Remember That Night?","Sara Kays",191,1,0
"471","Diamonds","Sam Smith",42,17,0
"472","Dancing in My Room","347aidan",190,3,0
"473","Be Alright","Dean Lewis",12,121,0
"474","De Cora <3","Rauw Alejandro, J Balvin",116,8,0
"475","Thinking out Loud","Ed Sheeran",58,126,0
"476","champagne problems","Taylor Swift",10,7,0
"477","Go Crazy","Chris Brown, Young Thug",37,35,0
"478","Reminds Me Of You","Juice WRLD, The Kid LAROI",73,5,0
"479","Deep End","Fousheé",67,13,0
"480","Sand In My Boots","Morgan Wallen",158,1,0
"481","MODO TURBO","Luísa Sonza, Pabllo Vittar, Anitta",108,3,0
"482","865","Morgan Wallen",168,1,0
"483","7 Summers","Morgan Wallen",53,5,0
"484","Cry Baby (feat. DaBaby)","Megan Thee Stallion, DaBaby",174,1,0
"485","Lovesick Girls","BLACKPINK",6,14,0
"486","Kings & Queens","Ava Max",41,38,0
"487","Caramelo","Ozuna",17,30,0
"488","HACIENDO QUE ME AMAS","Bad Bunny",21,7,0
"489","La Luz","Sech, J Balvin",65,10,0
"490","The Woo (feat. 50 Cent & Roddy Ricch)","Pop Smoke, 50 Cent, Roddy Ricch",17,25,0
"491","More Than My Hometown","Morgan Wallen",188,1,0
"492","Warning","Morgan Wallen",190,1,0
"493","Recairei - Ao Vivo","Os Barões Da Pisadinha",117,10,0
"494","Ice Cream (with Selena Gomez)","BLACKPINK, Selena Gomez",5,19,0
"495","Be Kind (with Halsey)","Marshmello, Halsey",22,32,0
"496","Fever","Dua Lipa, Angèle",76,8,0
"497","What’s Next","Drake",2,1,0
"498","Lemon Pepper Freestyle (feat. Rick Ross)","Drake, Rick Ross",17,1,0
"499","Selfish Love (with Selena Gomez)","DJ Snake, Selena Gomez",56,1,0
"500","Machu Picchu","Camilo, Evaluna Montaner",66,1,0
"501","Además de Mí - Remix","Rusherking, KHEA, Duki, Maria Becerra, LIT killah, Tiago PZK",75,1,0
"502","VOCE","Madame",158,1,0
"503","Life's A Mess II (with Clever & Post Malone)","Juice WRLD, Clever, Post Malone",166,1,0
"504","CHIAMAMI PER NOME","Francesca Michielin, Fedez",170,1,0
"505","Mona Lisa","Booba, JSX",175,1,0
"506","Real As It Gets (feat. EST Gee)","Lil Baby, EST Gee",180,1,0
"507","PROBLEMA","Daddy Yankee",183,1,0
"508","Devil Eyes","Hippie Sabotage",184,1,0
"509","Summer of Love (Shawn Mendes & Tainy)","Shawn Mendes, Tainy",34,1,0
"510","Don’t Go (with Justin Bieber & Don Toliver)","Skrillex, Justin Bieber, Don Toliver",53,1,0
"511","Matt Hardy 999 (feat. Juice WRLD)","Trippie Redd, Juice WRLD",78,1,0
"512","Ranjha (From ""Shershaah"")","Jasleen Royal, B Praak, Romy, Anvita Dutt",79,1,0
"513","Mood Ring","Lorde",81,1,0
"514","Rich MF (feat. Polo G & Lil Durk)","Trippie Redd, Polo G, Lil Durk",105,1,0
"515","Chega E Senta - Ao Vivo","John Amplificado",110,1,0
"516","Solar Power","Lorde",25,5,0
"517","Loverboy","A-Wall",165,1,0
"518","Essence (feat. Justin Bieber & Tems)","WizKid, Justin Bieber, Tems",177,1,0
"519","LO$ER=LO♡ER","TOMORROW X TOGETHER",182,1,0
"520","Holy Smokes (feat. Lil Uzi Vert)","Trippie Redd, Lil Uzi Vert",116,2,0
"521","Chasing Stars (feat. James Bay)","Alesso, Marshmello, James Bay",194,1,0
"522","Angst","Apache 207",149,1,0
"523","no body, no crime (feat. HAIM)","Taylor Swift, HAIM",15,4,0
"524","Sunday Best","Surfaces",13,44,"Where the Light Is"
"525","Amor ou o Litrão","Petter Ferraz, Menor Nico",171,2,0
"526","Happier","Marshmello, Bastille",2,117,0
"527","Don't Stop Me Now - Remastered 2011","Queen",51,70,0
"528","Azul","J Balvin",61,39,0
"529","Basta Você Me Ligar - Ao Vivo","Os Barões Da Pisadinha, Xand Avião",183,2,0
"530","Tequila Shots","Kid Cudi",49,4,0
"531","Lose Control","MEDUZA, Becky Hill, Goodboys",27,55,0
"532","I CAN'T STOP ME","TWICE",68,8,0
"533","E-GIRLS ARE RUINING MY LIFE!","CORPSE, Savage Ga$p",158,5,0
"534","Solid (feat. Drake)","Young Stoner Life, Young Thug, Gunna, Drake",27,1,0
"535","AM","Nio Garcia, Flow La Movie",34,2,0
"536","Batom de Cereja - Ao Vivo","Israel & Rodolffo",55,6,0
"537","Mr. Perfectly Fine (Taylor’s Version) (From The Vault)","Taylor Swift",20,3,0
"538","Met Him Last Night (feat. Ariana Grande)","Demi Lovato, Ariana Grande",33,3,0
"539","Cover Me In Sunshine","P!nk, Willow Sage Hart",70,4,0
"540","Ski","Young Stoner Life, Young Thug, Gunna",72,1,0
"541","Diamonds Dancing (feat. Travis Scott)","Young Stoner Life, Young Thug, Gunna, Travis Scott",75,1,0
"542","Disco Arranhado - Funk Remix","Malu, DJ Lucas Beat",82,4,0
"543","Otra Noche Sin Ti","J Balvin, Khalid",63,2,0
"544","Headshot (feat. Polo G & Fivio Foreign)","Lil Tjay, Polo G, Fivio Foreign",64,5,0
"545","On The Ground","ROSÉ",10,6,0
"546","As I Am (feat. Khalid)","Justin Bieber, Khalid",9,5,0
"547","Slumber Party (feat. Princess Nokia)","Ashnikko, Princess Nokia",97,3,0
"548","Follow You","Imagine Dragons",75,6,0
"549","Liberdade (Quando o Grave Bate Forte)","Alok, Mc Don Juan, Dj GBR",105,1,0
"550","Cloud 9","Beach Bunny",91,4,0
"551","Cupid's Chokehold / Breakfast in America","Gym Class Heroes",77,6,"The Papercut Chronicles"
"552","Wasted Love (feat. Lagique)","Ofenbach, Lagique",113,4,0
"553","Travesuras - Remix","Nio Garcia, Casper Magico, Ozuna, Wisin & Yandel, Myke Towers, Flow La Movie",87,6,0
"554","You","Regard, Troye Sivan, Tate McRae",119,1,0
"555","Film out","BTS",25,3,0
"556","Shy Away","Twenty One Pilots",53,2,0
"557","Run It Up (feat. Offset & Moneybagg Yo)","Lil Tjay, Offset, Moneybagg Yo",94,3,0
"558","Volta Bebê, Volta Neném","Dj Guuga, DJ Ivis",154,1,0
"559","Aloha","Maluma, Beéle, Rauw Alejandro, Mambo Kingz, DJ Luian, Darell",161,1,0
"560","Bubblegum Bitch","MARINA",168,3,0
"561","L-Gante: Bzrp Music Sessions, Vol.38","Bizarrap, L-Gante",115,6,0
"562","Can't Hold Us (feat. Ray Dalton)","Macklemore & Ryan Lewis, Macklemore, Ryan Lewis, Ray Dalton",155,7,0
"563","Quero Ver é Me Esquecer (feat. Jorge) - Ao Vivo","Os Barões Da Pisadinha, Jorge",186,1,0
"564","LA CANCIÓN","J Balvin, Bad Bunny",17,55,0
"565","You All Over Me (feat. Maren Morris) (Taylor’s Version) (From The Vault)","Taylor Swift, Maren Morris",51,2,0
"566","Dancing With The Devil","Demi Lovato",132,1,0
"567","WACHA","KHEA, Duki",153,1,0
"568","Gone","ROSÉ",26,4,0
"569","Unstable (feat. The Kid LAROI)","Justin Bieber, The Kid LAROI",28,3,0
"570","Payphone","Maroon 5, Wiz Khalifa",193,3,0
"571","Off My Face","Justin Bieber",37,3,0
"572","Lost Cause","Billie Eilish",15,3,0
"573","enough for you","Olivia Rodrigo",11,5,0
"574","t r a n s p a r e n t s o u l feat. Travis Barker","WILLOW, Travis Barker",60,3,0
"575","1 step forward, 3 steps back","Olivia Rodrigo",13,5,0
"576","Body (Remix) [feat. ArrDee, E1 (3x3), ZT (3x3), Bugzy Malone, Buni, Fivio Foreign & Darkoo]","Tion Wayne, Russ Millions, ArrDee, E1 (3x3), ZT (3x3), Bugzy Malone, Buni, Fivio Foreign, Darkoo",17,8,0
"577","Holiday","KSI",76,1,0
"578","Ramenez la coupe à la maison","Vegedream",77,1,0
"579","hope ur ok","Olivia Rodrigo",22,5,0
"580","Alcohol-Free","TWICE",80,2,0
"581","LUMBERJACK","Tyler, The Creator",97,1,0
"582","Having Our Way (feat. Drake)","Migos, Drake",50,2,0
"583","Poblado","Crissin, Totoy El Frio, Natan & Shander",59,6,0
"584","late at night","Roddy Ricch",58,3,0
"585","Bipolar","Mc Davi, Mc Pedrinho, Mc Don Juan, DJ 900",79,7,0
"586","Dick (feat. Doja Cat)","StarBoi3, Doja Cat",72,8,0
"587","By Your Side (feat. Tom Grennan)","Calvin Harris, Tom Grennan",80,3,0
"588","Ball If I Want To","DaBaby",120,1,0
"589","Your Power","Billie Eilish",4,8,0
"590","malibu","sangiovanni",81,6,0
"591","Eladio Carrion: Bzrp Music Sessions, Vol. 40","Bizarrap, Eladio Carrion",101,2,0
"592","MILLE – feat. Orietta Berti","Fedez, Achille Lauro, Orietta Berti",138,2,0
"593","working","Tate McRae, Khalid",146,1,0
"594","Petrouchka (feat. PLK)","Soso Maness, PLK",112,3,0
"595","Our Song","Anne-Marie, Niall Horan",100,5,0
"596","p r i d e . i s . t h e . d e v i l (with Lil Baby)","J. Cole, Lil Baby",11,6,0
"597","m y . l i f e (with 21 Savage & Morray)","J. Cole, 21 Savage, Morray",6,6,0
"598","No Return (with The Kid LAROI & Lil Durk)","Polo G, The Kid LAROI, Lil Durk",66,2,0
"599","MI FAI IMPAZZIRE","BLANCO, Sfera Ebbasta",191,1,0
"600","We Are The People (feat. Bono & The Edge) - Official UEFA EURO 2020 Song","Martin Garrix, Bono, The Edge",175,2,0
"601","WITHOUT YOU (with Miley Cyrus)","The Kid LAROI, Miley Cyrus",34,1,0
"602","I DID IT (feat. Post Malone, Megan Thee Stallion, Lil Baby & DaBaby)","DJ Khaled, Post Malone, DaBaby, Megan Thee Stallion, Lil Baby",47,1,0
"603","In the morning","ITZY",69,1,0
"604","durag activity (with Travis Scott)","Baby Keem, Travis Scott",72,1,0
"605","Snow Tha Product: Bzrp Music Sessions, Vol. 39","Bizarrap, Snow Tha Product",92,1,0
"606","EVERY CHANCE I GET (feat. Lil Baby & Lil Durk)","DJ Khaled, Lil Baby, Lil Durk",101,1,0
"607","love race (feat. Kellin Quinn)","Machine Gun Kelly, Kellin Quinn",113,1,0
"608","LET IT GO (feat. Justin Bieber & 21 Savage)","DJ Khaled, 21 Savage, Justin Bieber",122,1,0
"609","Choker","Twenty One Pilots",127,1,0
"610","Girl From Rio","Anitta",137,1,0
"611","Ramen & OJ","Joyner Lucas, Lil Baby",191,1,0
"612","Explícito","Myke Towers",189,3,0
"613","i n t e r l u d e","J. Cole",21,1,0
"614","Higher Power","Coldplay",39,1,0
"615","NEVER LEFT","Lil Tecca",72,1,0
"616","Tipo Gin - Ao Vivo","MC Kevin o Chris",130,1,0
"617","What You Need","Don Toliver",169,1,0
"618","Extasy","187 Strassenbande, Bonez MC, Frauenarzt",184,1,0
"619","Me Fije","Alex Rose, Rauw Alejandro",197,1,0
"620","Paradigmas","Jorge & Mateus",199,1,0
"621","Last Christmas","Wham!",2,34,0
"622","abcdefu","GAYLE",1,6,"abcdefu"
"623","Rockin' Around The Christmas Tree","Brenda Lee",5,29,0
"624","Jingle Bell Rock","Bobby Helms",7,28,0
"625","It's Beginning to Look a Lot like Christmas","Michael Bublé",6,29,0
"626","Santa Tell Me","Ariana Grande",3,30,0
"627","It's the Most Wonderful Time of the Year","Andy Williams",8,28,0
"628","Feliz Navidad","José Feliciano",14,23,0
"629","Underneath the Tree","Kelly Clarkson",9,20,0
"630","Mistletoe","Justin Bieber",15,27,0
"631","Sleigh Ride","The Ronettes",16,20,0
"632","Driving Home for Christmas - 2019 Remaster","Chris Rea",21,22,0
"633","Merry Christmas","Ed Sheeran, Elton John",25,3,0
"634","Let It Snow! Let It Snow! Let It Snow! (with The B. Swanson Quartet)","Frank Sinatra, B. Swanson Quartet",19,25,0
"635","Let It Snow! Let It Snow! Let It Snow!","Dean Martin",11,18,0
"636","Holly Jolly Christmas","Michael Bublé",21,24,0
"637","White Christmas","Bing Crosby, Ken Darby Singers, John Scott Trotter & His Orchestra",26,23,0
"638","Happy Xmas (War Is Over) - Remastered 2010","John Lennon, Yoko Ono",13,23,0
"639","Wonderful Christmastime - Edited Version / Remastered 2011","Paul McCartney",15,24,0
"640","Merry Christmas Everyone","Shakin' Stevens",35,22,0
"641","Step Into Christmas","Elton John",36,15,0
"642","Do They Know It's Christmas? - 1984 Version","Band Aid",12,25,0
"643","All Too Well (10 Minute Version) (Taylor's Version) (From The Vault)","Taylor Swift",1,6,0
"644","A Holly Jolly Christmas - Single Version","Burl Ives",37,21,0
"645","The Christmas Song (Merry Christmas To You)","Nat King Cole",30,22,0
"646","I Hate U","SZA",19,3,"I Hate U"
"647","It's Beginning to Look a Lot Like Christmas (with Mitchell Ayres & His Orchestra)","Perry Como, The Fontane Sisters, Mitchell Ayres & His Orchestra",54,19,0
"648","Oh My God","Adele",3,5,0
"649","Santa Claus Is Coming To Town","The Jackson 5",59,12,0
"650","Christmas (Baby Please Come Home)","Darlene Love",50,11,0
"651","My Only Wish (This Year)","Britney Spears",64,14,0
"652","Run Rudolph Run - Single Version","Chuck Berry",65,13,0
"653","Thank God It's Christmas - Non-Album Single","Queen",71,6,0
"654","Fairytale of New York (feat. Kirsty MacColl)","The Pogues, Kirsty MacColl",47,21,0
"655","I AM WOMAN","Emmy Meli",81,4,"I AM WOMAN"
"656","Medallo","Blessd, Justin Quiles, Lenny Tavárez",82,5,0
"657","Jingle Bell Rock - Daryl's Version","Daryl Hall & John Oates",44,14,0
"658","You Make It Feel Like Christmas (feat. Blake Shelton)","Gwen Stefani, Blake Shelton",88,4,0
"659","Girl Of My Dreams (with SUGA of BTS)","Juice WRLD, SUGA, BTS",28,2,0
"660","Blue Christmas","Elvis Presley",59,20,0
"661","Super Gremlin","Kodak Black",91,2,0
"662","Tacones Rojos","Sebastian Yatra",92,5,0
"663","Have Yourself A Merry Little Christmas","Sam Smith",29,19,0
"664","Broadway Girls (feat. Morgan Wallen)","Lil Durk, Morgan Wallen",94,1,0
"665","Jingle Bells - Remastered 1999","Frank Sinatra",98,4,0
"666","DANCE CRIP","Trueno",79,5,0
"667","Santa Claus Is Comin' to Town - Live at C.W. Post College, Greenvale, NY - December 1975","Bruce Springsteen",72,8,0
"668","Wandered To LA (with Justin Bieber)","Juice WRLD, Justin Bieber",33,3,0
"669","Christmas Lights","Coldplay",61,14,0
"670","Santa Baby","Kylie Minogue",52,11,0
"671","Pope Is a Rockstar","SALES",108,2,"SALES LP"
"672","LA FAMA (with The Weeknd)","ROSALÍA, The Weeknd",32,6,0
"673","Vai Lá Em Casa Hoje","George Henrique & Rodrigo, Marília Mendonça",114,5,0
"674","Baby, It's Cold Outside","Dean Martin",116,4,0
"675","One More Sleep","Leona Lewis",93,6,0
"676","Desesperados","Rauw Alejandro, Chencho Corleone",125,2,0
"677","Santa Baby (with Henri René & His Orchestra)","Eartha Kitt, Henri René and His Orchestra",98,9,0
"678","It'll Be Okay","Shawn Mendes",76,3,0
"679","Santa Claus Is Coming to Town","Michael Bublé",46,14,0
"680","Rudolph The Red-Nosed Reindeer","Dean Martin",125,4,0
"681","Carol of the Bells","Mykola Dmytrovych Leontovych, John Williams",104,8,0
"682","Santa, Can’t You Hear Me","Kelly Clarkson, Ariana Grande",138,1,0
"683","ELEVEN","IVE",127,3,0
"684","Already Dead","Juice WRLD",18,6,0
"685","Joy To The World","Nat King Cole",111,4,0
"686","Please Come Home for Christmas - 2013 Remaster","Eagles",148,2,0
"687","Toma Toma Vapo Vapo","Zé Felipe, Mc Danny",151,4,0
"688","Presepada","Marília Mendonça, Maiara & Maraisa",138,5,0
"689","Bar","TINI, L-Gante",99,6,0
"690","What Christmas Means To Me","Stevie Wonder",113,4,0
"691","Little Saint Nick - 1991 Remix","The Beach Boys",149,5,0
"692","Santa's Coming for Us","Sia",80,9,0
"693","I Saw Mommy Kissing Santa Claus","The Jackson 5",99,4,0
"694","Burn","Juice WRLD",56,2,0
"695","Ameaça","Paulo Pires, Mc Danny, Marcynho Sensação",132,6,0
"696","No Lie","Sean Paul, Dua Lipa",80,21,0
"697","I'll Be Home for Christmas","Michael Bublé",110,3,0
"698","I Wish It Could Be Christmas Everyday","Wizzard",187,1,0
"699","A La Antigüita","Calibre 50",128,6,0
"700","Winter Wonderland","Tony Bennett",78,5,0
"701","Can I Get It","Adele",9,3,0
"702","Jefe","Ninho",115,1,0
"703","I Drink Wine","Adele",12,3,0
"704","Just Look Up (From Don’t Look Up)","Ariana Grande, Kid Cudi",142,1,0
"705","Alien Blues","Vundabar",157,1,0
"706","My Little Love","Adele",11,3,0
"707","Bad Man (Smooth Criminal)","Polo G",74,3,0
"708","Súbelo","Anuel AA, Myke Towers, Jhay Cortez",125,3,0
"709","Earned It (Fifty Shades Of Grey)","The Weeknd",167,2,0
"710","Wonderwall - Remastered","Oasis",152,98,0
"711","Madonna","Bausa, Apache 207",140,1,0
"712","CLOUDS","NF",144,1,0
"713","motive (with Doja Cat)","Ariana Grande, Doja Cat",14,5,0
"714","Better Believe","Belly, The Weeknd, Young Thug",89,1,0
"715","Blaues Licht","RAF Camora, Bonez MC",94,1,0
"716","Clash (feat. Stormzy)","Dave, Stormzy",99,2,0
"717","2:50 Remix","MYA, TINI, Duki",80,5,0
"718","New Normal","Khalid",141,1,0
"719","KESI - Remix","Camilo, Shawn Mendes",100,2,0
"720","Não, Não Vou","Mari Fernandez",103,5,0
"721","como si no importara","Emilia, Duki",153,1,0
"722","Red Light Green Light","DaBaby",121,5,0
"723","Wild Side (feat. Cardi B)","Normani, Cardi B",110,2,0
"724","Bout A Million (feat. 42 Dugg & 21 Savage)","Pop Smoke, 21 Savage, 42 Dugg",65,2,0
"725","Demeanor (feat. Dua Lipa)","Pop Smoke, Dua Lipa",72,2,0
"726","As the World Caves In","Sarah Cothran",181,3,0
"727","Kiss My (Uh Oh)","Anne-Marie, Little Mix",191,1,0
"728","De Museo","Bad Bunny",64,3,0
"729","Não Nasceu pra Namorar","MC Zaquin, MC Rick",149,5,0
"730","penhasco.","Luísa Sonza",197,1,0
"731","Verdansk","Dave",199,1,0
"732","WUSYANAME (feat. Youngboy Never Broke Again & Ty Dolla $ign)","Tyler, The Creator, YoungBoy Never Broke Again, Ty Dolla $ign",22,1,0
"733","JUGGERNAUT (feat. Lil Uzi Vert & Pharrell Williams)","Tyler, The Creator, Lil Uzi Vert, Pharrell Williams",40,1,0
"734","LEMONHEAD (feat. 42 Dugg)","Tyler, The Creator, 42 Dugg",47,1,0
"735","I Don't Do Drugs (feat. Ariana Grande)","Doja Cat, Ariana Grande",55,1,0
"736","HOT WIND BLOWS (feat. Lil Wayne)","Tyler, The Creator, Lil Wayne",59,1,0
"737","CORSO","Tyler, The Creator",63,1,0
"738","SWEET / I THOUGHT YOU WANTED TO DANCE (feat. Brent Faiyaz & Fana Hues)","Tyler, The Creator, Brent Faiyaz, Fana Hues",69,1,0
"739","SIR BAUDELAIRE (feat. DJ Drama)","Tyler, The Creator, DJ Drama",73,1,0
"740","MASSA","Tyler, The Creator",82,1,0
"741","RUNITUP (feat. Teezo Touchdown)","Tyler, The Creator, Teezo Touchdown",85,1,0
"742","Sommergewitter","Pashanim",105,1,0
"743","MANIFESTO (feat. Domo Genesis)","Tyler, The Creator, Domo Genesis",108,1,0
"744","WILSHIRE","Tyler, The Creator",132,1,0
"745","RISE! (feat. DAISY WORLD)","Tyler, The Creator, DAISY WORLD",141,1,0
"746","All Eyes On Me","Bo Burnham",152,1,0
"747","Naked","Doja Cat",165,1,0
"748","Payday (feat. Young Thug)","Doja Cat, Young Thug",176,1,0
"749","Been Like This","Doja Cat",179,1,0
"750","His & Hers (feat. Don Toliver, Lil Uzi Vert & Gunna)","Internet Money, Gunna, Don Toliver, Lil Uzi Vert",122,2,0
"751","Wrecked","Imagine Dragons",71,2,0
"752","[The Jackie] (with J. Cole & Lil Tjay)","Bas, J. Cole, Lil Tjay",164,1,0
"753","Faz Amor Comigo Só Hoje - Ao Vivo","Israel & Rodolffo, Wesley Safadão",169,2,0
"754","WHOLE LOTTA MONEY (feat. Nicki Minaj) - Remix","BIA, Nicki Minaj",184,1,0
"755","Memory","Kane Brown, blackbear",187,1,0
"756","Bubbly (with Drake & Travis Scott)","Young Thug, Drake, Travis Scott",51,1,0
"757","Send My Love (To Your New Lover)","Adele",88,13,0
"758","Last One Standing (feat. Polo G, Mozzy & Eminem) - From Venom: Let There Be Carnage","Skylar Grey, Polo G, Mozzy, Eminem",61,3,0
"759","Ateo","C. Tangana, Nathy Peluso",78,2,0
"760","MAMMAMIA","Måneskin",48,2,0
"761","Chasing Pavements","Adele",103,1,0
"762","Make You Feel My Love","Adele",114,1,0
"763","All I Ask","Adele",116,1,0
"764","Hello","Adele",124,13,0
"765","Have Mercy","Chlöe",88,6,0
"766","Unfollow","Duki, Justin Quiles, Bizarrap",149,1,0
"767","Savage","aespa",118,2,0
"768","LOCO","ITZY",96,4,0
"769","Undeniable (feat. X Ambassadors)","Kygo, X Ambassadors",166,1,0
"770","we fell in love in october","girl in red",148,3,0
"771","She Knows (feat. Amber Coffman & Cults)","J. Cole, Cults, Amber Coffman",124,6,0
"772","Santé","Stromae",174,1,0
"773","Who Want Smoke?? (feat. G Herbo, Lil Durk & 21 Savage)","Nardo Wick, G Herbo, Lil Durk, 21 Savage",183,2,0
"774","Venom - Music From The Motion Picture","Eminem",34,14,0
"775","Livin It Up (with Post Malone & A$AP Rocky)","Young Thug, A$AP Rocky, Post Malone",191,1,0
"776","Ela e Ela","Zé Neto & Cristiano",144,7,0
"777","Christmas Tree","V",100,1,0
"778","Malvadão 3","Xamã, Gustah, Neo Beats",118,1,0
"779","We Don't Talk About Bruno","Carolina Gaitán - La Gaita, Mauro Castillo, Adassa, Rhenzy Feliz, Diane Guerrero, Stephanie Beatriz, Encanto - Cast",119,1,0
"780","Peru","Fireboy DML, Ed Sheeran",122,1,0
"781","Parada Louca","Mari Fernandez, Marcynho Sensação",146,1,0
"782","Bloqueado - Ao Vivo","Gusttavo Lima",153,1,0
"783","Frosty The Snowman","Ella Fitzgerald",195,1,0
"784","MIDDLE OF THE NIGHT","Elley Duhé",197,1,"MIDDLE OF THE NIGHT"
"785","Merry Xmas Everybody","Slade",199,1,0
"786","Mistletoe And Holly - Remastered 1999","Frank Sinatra",129,4,0
"787","Jail","Kanye West",10,1,0
"788","Off The Grid","Kanye West",12,1,0
"789","Moon","Kanye West",19,1,0
"790","Believe What I Say","Kanye West",26,1,0
"791","Jonah","Kanye West",28,1,0
"792","God Breathed","Kanye West",29,1,0
"793","Ok Ok","Kanye West",30,1,0
"794","Butter - Megan Thee Stallion Remix","BTS, Megan Thee Stallion",33,1,0
"795","Heaven and Hell","Kanye West",34,1,0
"796","No Child Left Behind","Kanye West",37,1,0
"797","Junya","Kanye West",41,1,0
"798","24","Kanye West",43,1,0
"799","Remote Control","Kanye West",45,1,0
"800","Pure Souls","Kanye West",50,1,0
"801","Donda","Kanye West",52,1,0
"802","Keep My Spirit Alive","Kanye West",56,1,0
"803","Jesus Lord","Kanye West",57,1,0
"804","New Again","Kanye West",68,1,0
"805","Jail pt 2","Kanye West",76,1,0
"806","Lord I Need You","Kanye West",78,1,0
"807","Donda Chant","Kanye West",83,1,0
"808","Come to Life","Kanye West",84,1,0
"809","I am not a woman, I'm a god","Halsey",90,1,0
"810","Tell The Vision","Kanye West",101,1,0
"811","Ok Ok pt 2","Kanye West",108,1,0
"812","Sharing Locations (feat. Lil Baby & Lil Durk)","Meek Mill, Lil Durk, Lil Baby",121,1,0
"813","Junya pt 2","Kanye West",127,1,0
"814","Wow Wow (feat. Becky G)","Maria Becerra, Becky G",148,1,0
"815","Você Beberia Ou Não Beberia?","Zé Neto & Cristiano",153,1,0
"816","Jesus Lord pt 2","Kanye West",157,1,0
"817","Belly, The Weeknd - Die For It (ft. Nas)","Belly, The Weeknd, Nas",159,1,0
"818","Thunderous","Stray Kids",168,1,0
"819","999 (with Camilo)","Selena Gomez, Camilo",180,1,0
"820","Remember (and David Guetta)","Becky Hill, David Guetta",162,4,0
"821","Champagne Poetry","Drake",6,2,0
"822","No Friends In The Industry","Drake",20,2,0
"823","TSU","Drake",15,2,0
"824","Papi’s Home","Drake",12,2,0
"825","In The Bible (with Lil Durk & Giveon)","Drake, Lil Durk, Giveon",16,2,0
"826","Love All (with JAY-Z)","Drake, JAY-Z",17,2,0
"827","N 2 Deep","Drake, Future",22,2,0
"828","range brothers (with Kendrick Lamar)","Baby Keem, Kendrick Lamar",114,1,0
"829","Pipe Down","Drake",26,2,0
"830","2CB","RAF Camora, Luciano",136,1,0
"831","Obsessed With You","Central Cee",145,1,0
"832","Fountains (with Tems)","Drake, Tems",34,2,0
"833","IMY2 (with Kid Cudi)","Drake, Kid Cudi",31,2,0
"834","7am On Bridle Path","Drake",27,2,0
"835","Race My Mind","Drake",30,2,0
"836","love nwantiti (feat. ElGrande Toto) - North African Remix","CKay, ElGrandeToto",168,1,0
"837","INFERNO","Sub Urban, Bella Poarch",192,1,0
"838","Tell The Vision (feat. Kanye West & Pusha T)","Pop Smoke, Kanye West, Pusha T",66,1,0
"839","Woo Baby (feat. Chris Brown)","Pop Smoke, Chris Brown",87,1,0
"840","Holy Smokes","Trippie Redd, Lil Uzi Vert",116,1,0
"841","More Time","Pop Smoke",127,1,0
"842","Coupe","Pop Smoke",129,1,0
"843","Manslaughter (feat. Rick Ross & The-Dream)","Pop Smoke, Rick Ross, The-Dream",150,1,0
"844","Genius (feat. Lil Tjay & Swae Lee)","Pop Smoke, Lil Tjay, Swae Lee",159,1,0
"845","Brush Em (feat. Rah Swish)","Pop Smoke, Rah Swish",180,1,0
"846","Shot in the Dark","John Mayer",193,1,0
"847","a m a r i","J. Cole",10,2,0
"848","SUN GOES DOWN","Lil Nas X",54,1,0
"849","GANG GANG (with Lil Wayne)","Polo G, Lil Wayne",71,1,0
"850","Butter - Instrumental","BTS",95,1,0
"851","Voilà","Barbara Pravi",106,1,0
"852","Saturday","Twenty One Pilots",118,1,0
"853","Boy With Luv (feat. Halsey)","BTS, Halsey",3,44,0
"854","9 5 . s o u t h","J. Cole",18,2,0
"855","Seeing Green (with Drake & Lil Wayne)","Nicki Minaj, Drake, Lil Wayne",67,2,0
"856","Dark Side","Blind Channel",134,1,0
"857","SHUM","Go_A",137,1,0
"858","Straightenin","Migos",84,2,0
"859","l e t . g o . m y . h a n d (with Bas & 6LACK)","J. Cole, Bas, 6LACK",27,2,0
"860","Tout l'univers","Gjon's Tears",195,1,0
"861","Mask","Dream",198,1,0
"862","10 Years","Daði Freyr",199,1,0
"863","Feline (with Polo G & Trippie Redd)","Juice WRLD, Polo G, Trippie Redd",78,1,0
"864","Rockstar In His Prime","Juice WRLD",82,1,0
"865","You Wouldn't Understand","Juice WRLD",99,1,0
"866","Doom","Juice WRLD",109,1,0
"867","Not Enough","Juice WRLD",114,1,0
"868","Go Hard","Juice WRLD",133,1,0
"869","Morad: Bzrp Music Sessions, Vol. 47","Bizarrap, Morad",167,1,0
"870","To Be Loved","Adele",23,2,0
"871","Cry Your Heart Out","Adele",21,2,0
"872","Strangers By Nature","Adele",16,2,0
"873","All Too Well (Taylor's Version)","Taylor Swift",13,3,0
"874","Notion","The Rare Occasions",148,2,0
"875","All Night Parking (with Erroll Garner) Interlude","Adele",30,2,0
"876","feel like shit","Tate McRae",125,3,0
"877","Red (Taylor's Version)","Taylor Swift",11,3,0
"878","abcdefu (angrier)","GAYLE",192,1,0
"879","Die For You","The Weeknd",167,6,0
"880","Linda","Tokischa, ROSALÍA",157,1,0
"881","El Incomprendido","Farruko, Victor Cardenas, Dj Adoni",161,1,0
"882","Your Heart","Joyner Lucas, J. Cole",84,2,0
"883","Till I Collapse","Eminem, Nate Dogg",144,28,0
"884","Teenagers","My Chemical Romance",196,1,0
"885","SCOOP (feat. Doja Cat)","Lil Nas X, Doja Cat",38,2,0
"886","too easy","Gunna, Future",124,1,0
"887","September","Earth, Wind & Fire",132,6,0
"888","Wildest Dreams","Taylor Swift",171,2,"1989"
"889","Floating Through Space","Sia, David Guetta",152,1,0
"890","Can't Feel My Face","The Weeknd",157,4,0
"891","You (with Marshmello & Vance Joy)","benny blanco, Marshmello, Vance Joy",89,2,0
"892","Call Out My Name","The Weeknd",1,35,0
"893","Pressure (feat. Tove Lo)","Martin Garrix, Tove Lo",175,1,0
"894","Agua de Jamaica","Maluma",167,2,0
"895","Heartless","The Weeknd",4,28,0
"896","Gravity (feat. Tyler, The Creator)","Brent Faiyaz, DJ Dahi, Tyler, The Creator",176,1,0
"897","Wasting Time ( feat. Drake & The Neptunes )","Brent Faiyaz, Drake, The Neptunes",101,1,0
"898","Renegade (feat. Taylor Swift)","Big Red Machine, Taylor Swift",132,1,0
"899","Lieben wir","Shirin David",189,1,0
"900","Yebba’s Heartbreak","Drake, Yebba",37,1,0
"901","You Only Live Twice (with Lil Wayne & Rick Ross)","Drake, Lil Wayne, Rick Ross",40,1,0
"902","Get Along Better","Drake, Ty Dolla $ign",42,1,0
"903","F*****g Fans","Drake",50,1,0
"904","The Remorse","Drake",57,1,0
"905","Don't Shut Me Down","ABBA",78,1,0
"906","I Still Have Faith In You","ABBA",118,1,0
"907","HOT DEMON B!TCHES NEAR U ! ! !","CORPSE, Night Lovell",135,1,0
"908","Flocky Flocky (feat. Travis Scott)","Don Toliver, Travis Scott",88,1,0
"909","Red Eye (feat. TroyBoi)","Justin Bieber, TroyBoi",124,1,0
"910","Ptazeta: Bzrp Music Sessions, Vol. 45","Bizarrap, Ptazeta",198,1,0
"911","Not In The Mood (feat. Fivio Foreign & Kay Flock)","Lil Tjay, Fivio Foreign, Kay Flock",149,1,0
"912","Present","Khalid",187,1,0
"913","a p p l y i n g . p r e s s u r e","J. Cole",25,1,0
"914","1 0 0 . m i l ‘ (with Bas)","J. Cole, Bas",30,1,0
"915","p u n c h i n ‘ . t h e . c l o c k","J. Cole",32,1,0
"916","t h e . c l i m b . b a c k","J. Cole",36,2,0
"917","h u n g e r . o n . h i l l s i d e (with Bas)","J. Cole, Bas",48,1,0
"918","c l o s e","J. Cole",55,1,0
"919","DOLLA SIGN SLIME (feat. Megan Thee Stallion)","Lil Nas X, Megan Thee Stallion",50,1,0
"920","DEAD RIGHT NOW","Lil Nas X",57,1,0
"921","TALES OF DOMINICA","Lil Nas X",71,1,0
"922","ONE OF ME (feat. Elton John)","Lil Nas X, Elton John",80,1,0
"923","LOST IN THE CITADEL","Lil Nas X",84,1,0
"924","AM I DREAMING (feat. Miley Cyrus)","Lil Nas X, Miley Cyrus",94,1,0
"925","DONT WANT IT","Lil Nas X",104,1,0
"926","VOID","Lil Nas X",134,1,0
"927","LIFE AFTER SALEM","Lil Nas X",174,1,0
"928","2 Much","Justin Bieber",44,1,0
"929","Deserve You","Justin Bieber",49,1,0
"930","Die For You (feat. Dominic Fike)","Justin Bieber, Dominic Fike",57,1,0
"931","Love You Different (feat. BEAM)","Justin Bieber, BEAM",60,1,0
"932","Loved By You (feat. Burna Boy)","Justin Bieber, Burna Boy",61,1,0
"933","Somebody","Justin Bieber",74,1,0
"934","Tu Veneno","J Balvin",137,1,0
"935","White Dress","Lana Del Rey",152,1,0
"936","Chemtrails Over The Country Club","Lana Del Rey",138,2,0
"937","Coração Na Cama - Ao Vivo","Hugo & Guilherme",181,2,0
"938","Woman Like Me","Adele",33,1,0
"939","Love Is A Game","Adele",43,1,0
"940","I Bet You Think About Me (feat. Chris Stapleton) (Taylor’s Version) (From The Vault)","Taylor Swift, Chris Stapleton",41,2,0
"941","Nothing New (feat. Phoebe Bridgers) (Taylor’s Version) (From The Vault)","Taylor Swift, Phoebe Bridgers",27,2,0
"942","I Knew You Were Trouble (Taylor's Version)","Taylor Swift",21,2,0
"943","∞ LOVE (feat. Guè)","Marracash, Guè",135,1,0
"944","Run (feat. Ed Sheeran) (Taylor’s Version) (From The Vault)","Taylor Swift, Ed Sheeran",33,2,0
"945","Ela me Falou Que Quer Rave","MC Levin, DJ Nikolas Alves Exclusive, DJ Kaioken, DJ Gege",157,2,0
"946","State Of Grace (Taylor's Version)","Taylor Swift",31,2,0
"947","22 (Taylor's Version)","Taylor Swift",30,2,0
"948","Message In A Bottle (Taylor's Version) (From The Vault)","Taylor Swift",49,2,0
"949","We Are Never Ever Getting Back Together (Taylor's Version)","Taylor Swift",39,1,0
"950","Treacherous (Taylor's Version)","Taylor Swift",42,1,0
"951","Better Man (Taylor's Version) (From The Vault)","Taylor Swift",50,1,0
"952","I Almost Do (Taylor's Version)","Taylor Swift",51,1,0
"953","Everything Has Changed (feat. Ed Sheeran) (Taylor’s Version)","Taylor Swift, Ed Sheeran",54,1,0
"954","The Last Time (feat. Gary Lightbody of Snow Patrol) (Taylor’s Version)","Taylor Swift, Gary Lightbody",58,1,0
"955","Stay Stay Stay (Taylor's Version)","Taylor Swift",59,1,0
"956","The Very First Night (Taylor's Version) (From The Vault)","Taylor Swift",62,1,0
"957","Babe (Taylor's Version) (From The Vault)","Taylor Swift",68,1,0
"958","Holy Ground (Taylor's Version)","Taylor Swift",70,1,0
"959","Begin Again (Taylor's Version)","Taylor Swift",73,1,0
"960","Forever Winter (Taylor's Version) (From The Vault)","Taylor Swift",78,1,0
"961","The Lucky One (Taylor's Version)","Taylor Swift",80,1,0
"962","Sad Beautiful Tragic (Taylor's Version)","Taylor Swift",81,1,0
"963","Come Back...Be Here (Taylor's Version)","Taylor Swift",83,1,0
"964","The Moment I Knew (Taylor's Version)","Taylor Swift",86,1,0
"965","Starlight (Taylor's Version)","Taylor Swift",87,1,0
"966","Blast Off","Bruno Mars, Anderson .Paak, Silk Sonic",94,1,0
"967","Girl At Home (Taylor's Version)","Taylor Swift",105,1,0
"968","Fly As Me","Bruno Mars, Anderson .Paak, Silk Sonic",109,1,0
"969","After Last Night (with Thundercat & Bootsy Collins)","Bruno Mars, Anderson .Paak, Silk Sonic, Thundercat, Bootsy Collins",113,1,0
"970","State Of Grace (Acoustic Version) (Taylor's Version)","Taylor Swift",127,1,0
"971","Put On A Smile","Bruno Mars, Anderson .Paak, Silk Sonic",136,1,0
"972","Ronan (Taylor's Version)","Taylor Swift",146,1,0
"973","777","Bruno Mars, Anderson .Paak, Silk Sonic",168,1,0
"974","exile (feat. Bon Iver)","Taylor Swift, Bon Iver",4,10,0
"975","SCIENTIST","TWICE",195,1,0
"976","Don't Play","Anne-Marie, KSI, Digital Farm Animals",177,1,0
"977","Buss It","Erica Banks",191,1,"Buss It"
"978","Oxytocin","Billie Eilish",35,1,0
"979","Getting Older","Billie Eilish",38,1,0
"980","Billie Bossa Nova","Billie Eilish",43,1,0
"981","I Didn't Change My Number","Billie Eilish",49,1,0
"982","my future","Billie Eilish",5,13,0
"983","Halley's Comet","Billie Eilish",67,1,0
"984","GOLDWING","Billie Eilish",75,1,0
"985","Male Fantasy","Billie Eilish",87,1,0
"986","OverHeated","Billie Eilish",106,1,0
"987","Everybody Dies","Billie Eilish",116,1,0
"988","Not My Responsibility","Billie Eilish",120,1,0
"989","Se Me Olvidó","Gera MX, Rels B",158,1,0
"990","Dámelo To’ (feat. Myke Towers)","Selena Gomez, Myke Towers",109,1,0
"991","Patience (feat. YUNGBLUD & Polo G)","KSI, YUNGBLUD, Polo G",121,1,0
"992","DAYWALKER! (feat. CORPSE)","Machine Gun Kelly, CORPSE",168,1,0
"993","To the Bone","Pamungkas",198,1,"Flying Solo"
"994","LOST","NF, Hopsin",200,1,0
"995","Black Hearted","Polo G",106,1,0
"996","Lost","Maroon 5",124,1,0
"997","Avalanche","Migos",128,1,0
"998","Malibu (feat. Polo G)","Migos, Polo G",166,1,0
"999","Clueless (with Pop Smoke & Fivio Foreign)","Polo G, Pop Smoke, Fivio Foreign",179,1,0
"1000","Modern Day","Migos",181,1,0
"1001","Painting Pictures","Polo G",195,1,0
"1002","CORALINE","Måneskin",127,1,0
"1003","Killer (feat. Jack Harlow & Cordae) - Remix","Eminem, Jack Harlow, Cordae",170,1,0
"1004","734","Juice WRLD",175,1,0
"1005","Vida Louca","Mc Poze do Rodo, Neo Beats, Mainstreet",200,1,0
"1006","Lose","KSI, Lil Wayne",107,1,0
"1007","SUVs (Black on Black)","Jack Harlow, Pooh Shiesty",113,1,0
"1008","Love Runs Out (feat. G-Eazy & Sasha Alex Sloan)","Martin Garrix, G-Eazy, Sasha Alex Sloan",162,1,0
"1009","You Belong With Me (Taylor’s Version)","Taylor Swift",52,1,0
"1010","Fearless (Taylor’s Version)","Taylor Swift",54,1,0
"1011","X Gon' Give It To Ya","DMX",68,1,0
"1012","Fifteen (Taylor’s Version)","Taylor Swift",80,1,0
"1013","The Way I Loved You (Taylor’s Version)","Taylor Swift",84,1,0
"1014","Hey Stephen (Taylor’s Version)","Taylor Swift",93,1,0
"1015","White Horse (Taylor’s Version)","Taylor Swift",102,1,0
"1016","Forever & Always (Taylor’s Version)","Taylor Swift",114,1,0
"1017","Breathe (feat. Colbie Caillat) (Taylor’s Version)","Taylor Swift, Colbie Caillat",119,1,0
"1018","Ruff Ryders' Anthem","DMX",139,1,0
"1019","That’s When (feat. Keith Urban) (Taylor’s Version) (From The Vault)","Taylor Swift, Keith Urban",146,1,0
"1020","Tell Me Why (Taylor’s Version)","Taylor Swift",147,1,0
"1021","You’re Not Sorry (Taylor’s Version)","Taylor Swift",148,1,0
"1022","Don’t You (Taylor’s Version) (From The Vault)","Taylor Swift",192,1,0
"1023","We Were Happy (Taylor’s Version) (From The Vault)","Taylor Swift",195,1,0
"1024","Richer (feat. Polo G)","Rod Wave, Polo G",118,1,0
"1025","Girls Like Us","Zoe Wees",181,1,0
"1026","Come Through (feat. Chris Brown)","H.E.R., Chris Brown",150,1,0
"1027","Good Without","Mimi Webb",193,1,0
"1028","When I Was Your Man","Bruno Mars",197,1,0
"1029","Hats Off (feat. Travis Scott)","Lil Baby, Lil Durk, Travis Scott",97,1,0
"1030","Last Train Home","John Mayer",117,1,0
"1031","Voice of the Heroes","Lil Baby, Lil Durk",126,1,0
"1032","0X1=LOVESONG (I Know I Love You) feat. Seori","TOMORROW X TOGETHER",134,1,0
"1033","Heat Waves","Glass Animals",1,65,"Heat Waves"
"1034","Heat Waves","Glass Animals",1,65,"Dreamland (+ Bonus Levels)"
"1035","STAY (with Justin Bieber)","The Kid LAROI, Justin Bieber",1,37,0
"1036","Envolver","Anitta",3,3,"Envolver"
"1037","Enemy (with JID) - from the series Arcane League of Legends","Imagine Dragons, JID, Arcane, League of Legends",3,21,0
"1038","abcdefu","GAYLE",1,19,"abcdefu"
"1039","Cold Heart - PNAU Remix","Elton John, Dua Lipa, PNAU",4,32,0
"1040","MAMIII","Becky G, KAROL G",5,6,0
"1041","INDUSTRY BABY (feat. Jack Harlow)","Lil Nas X, Jack Harlow",2,35,0
"1042","Desesperados","Rauw Alejandro, Chencho Corleone",8,15,0
"1043","Shivers","Ed Sheeran",4,28,0
"1044","Woman","Doja Cat",6,37,"Planet Her"
"1045","Easy On Me","Adele",1,23,0
"1046","Ghost","Justin Bieber",11,27,"Justice"
"1047","Bam Bam (feat. Ed Sheeran)","Camila Cabello, Ed Sheeran",13,3,0
"1048","MIDDLE OF THE NIGHT","Elley Duhé",14,13,"MIDDLE OF THE NIGHT"
"1049","Una Noche en Medellín","Cris Mj",16,4,0
"1050","THATS WHAT I WANT","Lil Nas X",3,27,"MONTERO"
"1051","Where Are You Now","Lost Frequencies, Calum Scott",18,29,0
"1052","Boyfriend","Dove Cameron",11,6,0
"1053","Bad Habits","Ed Sheeran",3,39,"Bad Habits"
"1054","Infinity","Jaymes Young",11,21,"Feel Something"
"1055","Pepas","Farruko",4,37,"Pepas"
"1056","The Motto","Tiësto, Ava Max",23,20,0
"1057","good 4 u","Olivia Rodrigo",1,45,"good 4 u"
"1058","good 4 u","Olivia Rodrigo",1,45,"SOUR"
"1059","My Universe","Coldplay, BTS",3,26,0
"1060","I Love You So","The Walters",21,24,0
"1061","Blinding Lights","The Weeknd",1,121,"After Hours"
"1062","Blinding Lights","The Weeknd",1,121,"Blinding Lights"
"1063","Lo Siento BB:/ (with Bad Bunny & Julieta Venegas)","Tainy, Bad Bunny, Julieta Venegas",12,25,0
"1064","Sweetest Pie","Megan Thee Stallion, Dua Lipa",17,2,0
"1065","Something In The Way","Nirvana",19,3,0
"1066","Another Love","Tom Odell",31,50,"Long Way Down (Deluxe)"
"1067","Do It To It","ACRAZE, Cherish",9,21,0
"1068","Sweater Weather","The Neighbourhood",29,82,"I Love You."
"1069","Yonaguni","Bad Bunny",3,42,0
"1070","Need to Know","Doja Cat",6,41,"Planet Her"
"1071","Dandelions","Ruth B.",35,32,"Safe Haven"
"1072","We Don't Talk About Bruno","Carolina Gaitán - La Gaita, Mauro Castillo, Adassa, Rhenzy Feliz, Diane Guerrero, Stephanie Beatriz, Encanto - Cast",8,13,0
"1073","Kiss Me More (feat. SZA)","Doja Cat, SZA",3,50,0
"1074","MANIAC","Stray Kids",39,1,0
"1075","Light Switch","Charlie Puth",19,9,"Light Switch (Instrumental)"
"1076","Levitating (feat. DaBaby)","Dua Lipa, DaBaby",4,77,0
"1077","traitor","Olivia Rodrigo",7,44,0
"1078","Save Your Tears (Remix) (with Ariana Grande) - Bonus Track","The Weeknd, Ariana Grande",5,48,0
"1079","CANDY","ROSALÍA",44,1,0
"1080","Starlight","Dave",45,3,0
"1081","Softcore","The Neighbourhood",35,11,0
"1082","MONTERO (Call Me By Your Name)","Lil Nas X",1,52,"MONTERO (Call Me By Your Name)"
"1083","DANÇARINA","PEDRO SAMPAIO, Mc Pedrinho",32,5,0
"1084","Without Me","Eminem",31,26,0
"1085","Medallo","Blessd, Justin Quiles, Lenny Tavárez",48,18,0
"1086","Butter","BTS",2,44,"Butter (Hotter, Sweeter, Cooler)"
"1087","Mount Everest","Labrinth",36,7,0
"1088","Jordan","Ryan Castro",53,4,0
"1089","Save Your Tears","The Weeknd",2,68,"After Hours"
"1090","drivers license","Olivia Rodrigo",1,63,"SOUR"
"1091","drivers license","Olivia Rodrigo",1,63,"drivers license"
"1092","LA FAMA (with The Weeknd)","ROSALÍA, The Weeknd",32,15,0
"1093","505","Arctic Monkeys",57,12,0
"1094","Cayó La Noche (feat. Cruz Cafuné, Abhir Hathi, Bejo, EL IMA) [Remix]","La Pantera, Quevedo, Juseph, Abhir Hathi, Bejo, Cruz Cafuné, EL IMA",58,8,0
"1095","DÁKITI","Bad Bunny, Jhay Cortez",1,73,0
"1096","Tacones Rojos","Sebastian Yatra",45,18,0
"1097","Cool for the Summer","Demi Lovato",61,1,0
"1098","Mon Amour - Remix","zzoilo, Aitana",34,29,0
"1099","Bones","Imagine Dragons",63,2,0
"1100","Yo Voy (feat. Daddy Yankee)","Zion & Lennox",63,5,0
"1101","ARASAN DA","UZI",65,1,0
"1102","Happier Than Ever","Billie Eilish",6,34,0
"1103","she's all i wanna be","Tate McRae",38,7,0
"1104","pushin P (feat. Young Thug)","Gunna, Future, Young Thug",14,11,0
"1105","Beggin'","Måneskin",1,42,"Chosen"
"1106","Toxic","BoyWithUke",23,23,"Faded"
"1107","love nwantiti (ah ah ah)","CKay",9,28,"CKay The First"
"1108","maybe (feat. Bring Me The Horizon)","Machine Gun Kelly, Bring Me The Horizon",72,1,0
"1109","Watermelon Sugar","Harry Styles",4,123,0
"1110","IDGAF (with blackbear)","BoyWithUke, blackbear",74,1,0
"1111","Chale","Eden Muñoz",75,3,0
"1112","Lost","Frank Ocean",50,10,"channel ORANGE"
"1113","Sometimes","Juice WRLD",77,1,0
"1114","Hati-Hati di Jalan","Tulus",45,3,0
"1115","Numb Little Bug","Em Beihold",69,8,0
"1116","The Real Slim Shady","Eminem",51,42,0
"1117","A Tu Merced","Bad Bunny",52,19,0
"1118","SAOKO","ROSALÍA",80,2,0
"1119","Volví","Aventura, Bad Bunny",10,34,0
"1120","One Right Now (with The Weeknd)","Post Malone, The Weeknd",9,20,0
"1121","Don't Start Now","Dua Lipa",2,125,"Don't Start Now"
"1122","deja vu","Olivia Rodrigo",3,51,"SOUR"
"1123","Todo De Ti","Rauw Alejandro",2,44,"Todo De Ti"
"1124","Peaches (feat. Daniel Caesar & Giveon)","Justin Bieber, Daniel Caesar, Giveon",1,53,0
"1125","Oh My God","Adele",3,18,0
"1126","Tom's Diner","AnnenMayKantereit, Giant Rooks",90,1,0
"1127","Super Gremlin","Kodak Black",45,15,0
"1128","Believer","Imagine Dragons",16,268,0
"1129","Fingers Crossed","Lauren Spencer Smith",17,11,0
"1130","Sunflower - Spider-Man: Into the Spider-Verse","Post Malone, Swae Lee",1,179,0
"1131","Notion","The Rare Occasions",67,11,0
"1132","Dark Red","Steve Lacy",66,33,0
"1133","Moth To A Flame (with The Weeknd)","Swedish House Mafia, The Weeknd",7,22,0
"1134","TO THE MOON","Jnr Choi, Sam Tompkins",55,11,0
"1135","Pantysito","Alejo, Feid, ROBI",99,1,0
"1136","Dynamite","BTS",2,83,0
"1137","Still D.R.E.","Dr. Dre, Snoop Dogg",29,6,0
"1138","Lose Yourself - From ""8 Mile"" Soundtrack","Eminem",44,66,0
"1139","lovely (with Khalid)","Billie Eilish, Khalid",24,205,0
"1140","All For Us","Labrinth, Zendaya",43,11,0
"1141","I’m Tired (with Zendaya) - Bonus Track","Labrinth, Zendaya",29,4,0
"1142","Plan A","Paulo Londra",106,1,0
"1143","Someone You Loved","Lewis Capaldi",4,168,0
"1144","MONEY","LISA",5,28,"LALISA"
"1145","You Right","Doja Cat, The Weeknd",15,39,0
"1146","Tiago PZK: Bzrp Music Sessions, Vol. 48","Bizarrap, Tiago PZK",37,12,0
"1147","Yellow","Coldplay",101,66,0
"1148","La Santa","Bad Bunny, Daddy Yankee",14,23,0
"1149","Nail Tech","Jack Harlow",36,5,0
"1150","Malvadão 3","Xamã, Gustah, Neo Beats",33,13,0
"1151","No Role Modelz","J. Cole",113,35,0
"1152","Revenge","XXXTENTACION",63,12,0
"1153","Formula","Labrinth",68,10,0
"1154","DARARI","TREASURE",102,4,0
"1155","Freaks","Surf Curse",55,47,"Freaks"
"1156","Knife Talk (with 21 Savage ft. Project Pat)","Drake, 21 Savage, Project Pat",10,29,0
"1157","Mujeriego","Ryan Castro",92,8,0
"1158","Fuera del mercado","Danny Ocean",122,1,0
"1159","sentaDONA (Remix) s2","Davi Kneip, Mc Frog, Dj Gabriel do Borel, Luísa Sonza",123,1,0
"1160","Ya No Somos Ni Seremos","Christian Nodal",37,5,0
"1161","Volando - Remix","Mora, Bad Bunny, Sech",19,37,0
"1162","Counting Stars","OneRepublic",117,54,0
"1163","Demasiadas Mujeres","C. Tangana",127,3,0
"1164","Smells Like Teen Spirit","Nirvana",109,63,0
"1165","Unstoppable","Sia",112,6,0
"1166","Blank Space","Taylor Swift",130,20,0
"1167","Down Under (feat. Colin Hay)","Luude, Colin Hay",72,10,0
"1168","Daddy Issues","The Neighbourhood",99,76,0
"1169","Locked out of Heaven","Bruno Mars",111,12,0
"1170","Till I Collapse","Eminem, Nate Dogg",81,39,0
"1171","Sacrifice","The Weeknd",3,11,0
"1172","Payphone","Maroon 5, Wiz Khalifa",136,14,0
"1173","LA CANCIÓN","J Balvin, Bad Bunny",17,64,0
"1174","Wait a Minute!","WILLOW",138,1,"ARDIPITHECUS"
"1175","Thinking with My Dick (feat. Juicy J)","Kevin Gates, Juicy J",128,2,0
"1176","Shape of You","Ed Sheeran",1,269,0
"1177","The Nights","Avicii",44,54,0
"1178","Gangsta's Paradise","Coolio, L.V.",116,22,0
"1179","Surface Pressure - From ""Encanto""/Soundtrack Version","Jessica Darrow",23,12,0
"1180","Riptide","Vance Joy",122,64,0
"1181","Get Into It (Yuh)","Doja Cat",36,34,0
"1182","Better Days (NEIKED x Mae Muller x Polo G)","NEIKED, Mae Muller, Polo G",32,23,0
"1183","Bohemian Rhapsody - Remastered 2011","Queen",11,182,0
"1184","No Lie","Sean Paul, Dua Lipa",80,34,0
"1185","Malvada","Zé Felipe",58,7,0
"1186","Don't Be Shy","Tiësto, KAROL G",38,32,0
"1187","Perfect","Ed Sheeran",4,262,0
"1188","CHICKEN TERIYAKI","ROSALÍA",152,1,0
"1189","One Dance","Drake, WizKid, Kyla",12,120,0
"1190","Nostálgico","Rvssian, Rauw Alejandro, Chris Brown",40,28,0
"1191","Mood (feat. iann dior)","24kGoldn, iann dior",1,85,0
"1192","Mr. Brightside","The Killers",98,87,0
"1193","Nobody Like U","4*TOWN (From Disney and Pixar’s Turning Red), Jordan Fisher, Finneas O'Connell, Topher Ngo, Grayson Villanueva, Josh Levi",157,1,0
"1194","All Too Well (10 Minute Version) (Taylor's Version) (From The Vault)","Taylor Swift",1,19,0
"1195","Circles","Post Malone",1,134,0
"1196","La Zona","Bad Bunny",60,7,0
"1197","Take Me To Church","Hozier",108,75,0
"1198","Heather","Conan Gray",12,87,0
"1199","In Da Club","50 Cent",77,6,0
"1200","Mal Feito - Ao Vivo","Hugo & Guilherme, Marília Mendonça",72,10,0
"1201","Just a Cloud Away","Pharrell Williams",165,1,0
"1202","this is what falling in love feels like","JVKE",142,3,0
"1203","Dance Monkey","Tones And I",1,140,0
"1204","happier","Olivia Rodrigo",12,44,"SOUR"
"1205","Hope","XXXTENTACION",42,35,0
"1206","Se Le Ve","Dímelo Flow, Dalex, Sech, Justin Quiles, Arcangel, De La Ghetto, Lenny Tavárez",110,12,0
"1207","Meet Me At Our Spot","THE ANXIETY, WILLOW, Tyler Cole",24,29,0
"1208","Wake Me Up","Avicii",13,68,0
"1209","Residente: Bzrp Music Sessions, Vol. 49","Bizarrap, Residente",18,3,0
"1210","love nwantiti (feat. Dj Yo! & AX'EL) - Remix","CKay, Dj Yo!, AX'EL",14,27,0
"1211","Freaky Deaky","Tyga, Doja Cat",83,4,0
"1212","Excuses","AP Dhillon, Gurinder Gill, Intense",56,10,0
"1213","Why'd You Only Call Me When You're High?","Arctic Monkeys",104,33,0
"1214","Lucid Dreams","Juice WRLD",3,194,0
"1215","Lost in the Fire (feat. The Weeknd)","Gesaffelstein, The Weeknd",12,21,0
"1216","BIZCOCHITO","ROSALÍA",180,1,0
"1217","Godzilla (feat. Juice WRLD)","Eminem, Juice WRLD",4,76,0
"1218","Can't Hold Us (feat. Ray Dalton)","Macklemore & Ryan Lewis, Macklemore, Ryan Lewis, Ray Dalton",149,22,0
"1219","positions","Ariana Grande",1,74,"Positions"
"1220","positions","Ariana Grande",1,74,"positions"
"1221","Monëy so big","Yeat",184,3,0
"1222","Talking to the Moon","Bruno Mars",45,50,"Doo-Wops & Hooligans"
"1223","HENTAI","ROSALÍA",186,1,0
"1224","Ain't Shit","Doja Cat",22,21,"Planet Her"
"1225","Leave The Door Open","Bruno Mars, Anderson .Paak, Silk Sonic",5,55,0
"1226","TOMBOY","(G)I-DLE",189,1,0
"1227","Something Just Like This","The Chainsmokers, Coldplay",2,172,0
"1228","Thunder","Gabry Ponte, LUM!X, Prezioso",110,16,0
"1229","Levitating","Dua Lipa",52,38,"Future Nostalgia"
"1230","Do I Wanna Know?","Arctic Monkeys",117,34,0
"1231","ABALO EMOCIONAL - Ao Vivo","Luan Santana",194,1,0
"1232","Señorita","Shawn Mendes, Camila Cabello",1,138,0
"1233","Stan","Eminem, Dido",138,6,0
"1234","Before You Go","Lewis Capaldi",19,122,0
"1235","Space Song","Beach House",174,10,0
"1236","Say You Won't Let Go","James Arthur",7,268,0
"1237","Streets","Doja Cat",9,45,0
"1238","Quevedo: Bzrp Music Sessions, Vol. 52","Bizarrap, Quevedo",1,5,0
"1239","As It Was","Harry Styles",1,19,"As It Was"
"1240","Me Porto Bonito","Bad Bunny, Chencho Corleone",2,14,0
"1241","Tití Me Preguntó","Bad Bunny",4,14,0
"1242","Running Up That Hill (A Deal With God)","Kate Bush",1,11,"Hounds Of Love"
"1243","DESPECHÁ","ROSALÍA",6,2,0
"1244","Efecto","Bad Bunny",7,14,0
"1245","Glimpse of Us","Joji",1,9,"Glimpse of Us"
"1246","Ojitos Lindos","Bad Bunny, Bomba Estéreo",3,14,0
"1247","Bad Habit","Steve Lacy",10,5,"Gemini Rights"
"1248","Moscow Mule","Bad Bunny",2,14,0
"1249","La Bachata","Manuel Turizo",13,6,0
"1250","PROVENZA","KAROL G",6,16,0
"1251","Bad Decisions (with BTS & Snoop Dogg)","benny blanco, BTS, Snoop Dogg",15,1,0
"1252","I Ain't Worried","OneRepublic",13,10,0
"1253","Left and Right (Feat. Jung Kook of BTS)","Charlie Puth, Jung Kook, BTS",7,7,0
"1254","Doja","Central Cee",15,3,0
"1255","BREAK MY SOUL","Beyoncé",12,8,0
"1256","About Damn Time","Lizzo",9,15,"About Damn Time"
"1257","STAYING ALIVE (feat. Drake & Lil Baby)","DJ Khaled, Drake, Lil Baby",21,1,0
"1258","Tarot","Bad Bunny, Jhay Cortez",9,14,0
"1259","Te Felicito","Shakira, Rauw Alejandro",13,16,0
"1260","SNAP","Rosa Linn",26,5,"SNAP"
"1261","Late Night Talking","Harry Styles",2,12,"Harry's House"
"1262","Party","Bad Bunny, Rauw Alejandro",6,14,0
"1263","I Like You (A Happier Song) (with Doja Cat)","Post Malone, Doja Cat",10,10,0
"1264","Jimmy Cooks (feat. 21 Savage)","Drake, 21 Savage",7,8,0
"1265","Under The Influence","Chris Brown",32,3,0
"1266","Sunroof","Nicky Youre, dazy",28,14,0
"1267","Ferrari","James Hype, Miggy Dela Rosa",36,10,0
"1268","La Corriente","Bad Bunny, Tony Dize",17,14,0
"1269","One Kiss (with Dua Lipa)","Calvin Harris, Dua Lipa",2,83,0
"1270","Vegas (From the Original Motion Picture Soundtrack ELVIS)","Doja Cat",26,10,0
"1271","Die For You","The Weeknd",41,26,0
"1272","Until I Found You","Stephen Sanchez",30,14,"Until I Found You"
"1273","First Class","Jack Harlow",2,18,"First Class"
"1274","Kesariya (From ""Brahmastra"")","Pritam, Arijit Singh, Amitabh Bhattacharya",33,4,0
"1275","Después de la Playa","Bad Bunny",7,14,0
"1276","cómo dormiste?","Rels B",53,1,0
"1277","Villano Antillano: Bzrp Music Sessions, Vol. 51","Bizarrap, Villano Antillano",45,9,0
"1278","La Llevo Al Cielo (Ft. Ñengo Flow)","Chris Jedi, Anuel AA, Chencho Corleone, Ñengo Flow",53,12,0
"1279","ALIEN SUPERSTAR","Beyoncé",24,2,0
"1280","WAIT FOR U (feat. Drake & Tems)","Future, Drake, Tems",10,15,0
"1281","Un Ratito","Bad Bunny",10,14,0
"1282","GIVENCHY","Duki",25,3,0
"1283","Neverita","Bad Bunny",15,14,0
"1284","Call Out My Name","The Weeknd",1,42,0
"1285","august","Taylor Swift",11,7,0
"1286","Normal","Feid",57,5,0
"1287","CUFF IT","Beyoncé",30,2,0
"1288","I Was Never There","The Weeknd, Gesaffelstein",17,10,0
"1289","ULTRA SOLO REMIX","Polimá Westcoast, Pailita, Feid, Paloma Mami, De La Ghetto",44,8,0
"1290","Betty (Get Money)","Yung Gravy",78,5,"Betty (Get Money)"
"1291","Ojos Marrones","Lasso",72,6,0
"1292","Master Of Puppets","Metallica",20,6,0
"1293","Starboy","The Weeknd, Daft Punk",1,97,0
"1294","Andrea","Bad Bunny, Buscabulla",21,14,0
"1295","Un Coco","Bad Bunny",25,14,0
"1296","Si Te La Encuentras Por Ahí","Feid",86,1,0
"1297","Belly Dancer","Imanbek, BYOR",77,11,0
"1298","Last Last","Burna Boy",93,5,0
"1299","Dos Mil 16","Bad Bunny",19,14,0
"1300","Stay With Me (with Justin Timberlake, Halsey & Pharrell)","Calvin Harris, Justin Timberlake, Halsey, Pharrell Williams",86,3,0
"1301","I Wanna Be Yours","Arctic Monkeys",103,5,0
"1302","Everybody Wants To Rule The World","Tears For Fears",105,10,0
"1303","Don’t Blame Me","Taylor Swift",72,13,0
"1304","Only Love Can Hurt Like This","Paloma Faith",93,12,0
"1305","Every Breath You Take","The Police",109,61,0
"1306","In The Stars","Benson Boone",54,15,0
"1307","After Dark","Mr.Kitty",112,17,0
"1308","Yo No Soy Celoso","Bad Bunny",11,14,0
"1309","Night Changes","One Direction",111,11,0
"1310","The Hills","The Weeknd",52,50,0
"1311","TV","Billie Eilish",27,3,0
"1312","Me Fui de Vacaciones","Bad Bunny",14,14,0
"1313","LA INOCENTE","Mora, Feid",121,6,0
"1314","Summertime Sadness","Lana Del Rey",122,3,0
"1315","Atlantis","Seafret",126,3,0
"1316","Numb","Marshmello, Khalid",114,9,0
"1317","ULTRA SOLO","Polimá Westcoast, Pailita",42,16,0
"1318","Calm Down","Rema",130,5,0
"1319","Massive","Drake",18,8,0
"1320","Aguacero","Bad Bunny",22,14,0
"1321","POP!","NAYEON",68,7,0
"1322","Apocalypse","Cigarettes After Sex",135,5,0
"1323","Otro Atardecer","Bad Bunny, The Marías",24,14,0
"1324","El Rescate","Grupo Marca Registrada, Junior H",129,3,0
"1325","Sweet Child O' Mine","Guns N' Roses",101,10,0
"1326","Callaita","Bad Bunny, Tainy",7,67,0
"1327","Potion (with Dua Lipa & Young Thug)","Calvin Harris, Dua Lipa, Young Thug",26,10,0
"1328","Crazy What Love Can Do","David Guetta, Becky Hill, Ella Henderson",127,14,0
"1329","Afraid To Feel","LF SYSTEM",150,5,"Afraid To Feel"
"1330","THE SHADE","Rex Orange County",161,3,0
"1331","Cooped Up (with Roddy Ricch)","Post Malone, Roddy Ricch",18,13,0
"1332","Stargirl Interlude","The Weeknd, Lana Del Rey",168,4,0
"1333","ENERGY (feat. Beam)","Beyoncé, BEAM",34,2,0
"1334","Matilda","Harry Styles",5,12,0
"1335","Music For a Sushi Restaurant","Harry Styles",6,12,0
"1336","House of Memories","Panic! At The Disco",64,16,"Death of a Bachelor"
"1337","Nerdesin","Ezhel",164,3,0
"1338","Never Sleep (with Lil Baby feat. Travis Scott)","NAV, Lil Baby, Travis Scott",101,2,0
"1339","Pipoco","Ana Castela, Melody, Dj Chris No Beat",100,4,0
"1340","X ÚLTIMA VEZ","Daddy Yankee, Bad Bunny",18,20,0
"1341","There's Nothing Holdin' Me Back","Shawn Mendes",5,72,0
"1342","Angel Baby","Troye Sivan",59,19,0
"1343","SUMMER RENAISSANCE","Beyoncé",46,2,0
"1344","Come Back Home","Sofia Carson",193,1,0
"1345","Yet To Come","BTS",7,8,0
"1346","Demons","Imagine Dragons",194,2,0
"1347","Pasoori","Shae Gill, Ali Sethi",109,16,0
"1348","Heartless","Kanye West",198,1,0
"1349","I'M THAT GIRL","Beyoncé",33,1,0
"1350","CHURCH GIRL","Beyoncé",39,1,0
"1351","COZY","Beyoncé",50,1,0
"1352","VIRGO'S GROOVE","Beyoncé",77,1,0
"1353","PLASTIC OFF THE SOFA","Beyoncé",85,1,0
"1354","HEATED","Beyoncé",93,1,0
"1355","MOVE (feat. Grace Jones & Tems)","Beyoncé, Grace Jones, Tems",96,1,0
"1356","THIQUE","Beyoncé",102,1,0
"1357","PURE/HONEY","Beyoncé",114,1,0
"1358","ALL UP IN YOUR MIND","Beyoncé",148,1,0
"1359","AMERICA HAS A PROBLEM","Beyoncé",152,1,0
"1360","CACHORRINHAS","Luísa Sonza",109,2,0
"1361","The 30th","Billie Eilish",64,2,0
"1362","Ai Preto","L7NNON, DJ Biel do Furduncinho, Bianca",140,5,0
"1363","Hold My Hand","Lady Gaga",110,10,0
"1364","Surface Pressure","Jessica Darrow",26,3,0
"1365","Out of Time","The Weeknd",10,2,0
"1366","Eazy","The Game, Kanye West",35,1,0
"1367","Is There Someone Else?","The Weeknd",11,2,0
"1368","Entre Nosotros (Remix) [con Nicki Nicole]","Tiago PZK, LIT killah, Maria Becerra, Nicki Nicole",53,2,0
"1369","It'll Be Okay","Shawn Mendes",55,7,0
"1370","Save Your Tears (with Ariana Grande) (Remix)","The Weeknd, Ariana Grande",5,39,0
"1371","I Hate U","SZA",19,7,"I Hate U"
"1372","I AM WOMAN","Emmy Meli",51,8,"I AM WOMAN"
"1373","Gasoline","The Weeknd",13,2,0
"1374","How Do I Make You Love Me?","The Weeknd",14,2,0
"1375","Less Than Zero","The Weeknd",23,2,0
"1376","Smokin Out The Window","Bruno Mars, Anderson .Paak, Silk Sonic",8,11,0
"1377","P power (feat. Drake)","Gunna, Drake",81,1,0
"1378","SAD GIRLZ LUV MONEY Remix (feat. Kali Uchis and Moliy)","Amaarae, Kali Uchis, Moliy",23,12,0
"1379","The Family Madrigal","Stephanie Beatriz, Olga Merediz, Encanto - Cast",87,2,0
"1380","Life Goes On","Oliver Tree",15,20,"Ugly is Beautiful: Shorter, Thicker & Uglier (Deluxe)"
"1381","Take My Breath","The Weeknd",22,2,0
"1382","Vai Lá Em Casa Hoje","George Henrique & Rodrigo, Marília Mendonça",66,9,0
"1383","What Else Can I Do?","Diane Guerrero, Stephanie Beatriz",101,2,0
"1384","Dos Oruguitas","Sebastian Yatra",104,2,0
"1385","Bloqueado - Ao Vivo","Gusttavo Lima",106,4,0
"1386","Salimo de Noche","Tiago PZK, Trueno",72,12,0
"1387","Acapulco","Jason Derulo",90,15,0
"1388","Love Grows (Where My Rosemary Goes)","Edison Lighthouse",112,3,0
"1389","L’enfer","Stromae",113,1,0
"1390","Best Friends","The Weeknd",26,2,0
"1391","Esqueça-Me Se For Capaz","Marília Mendonça, Maiara & Maraisa",67,11,0
"1392","Here We Go… Again (feat. Tyler, the Creator)","The Weeknd, Tyler, The Creator",25,2,0
"1393","Every Summertime","NIKI",124,2,"Every Summertime"
"1394","Rolling in the Deep","Adele",36,16,0
"1395","Sobrio","Maluma",41,28,0
"1396","The Business","Tiësto",9,64,"The Business"
"1397","Pandora","DJ Matt D, Menor MC, MC GP, Vulgo FK",129,3,0
"1398","Peru","Fireboy DML, Ed Sheeran",89,4,0
"1399","Sky","Playboi Carti",113,14,0
"1400","ELEVEN","IVE",103,7,0
"1401","Way 2 Sexy (with Future & Young Thug)","Drake, Future, Young Thug",5,20,0
"1402","DANCE CRIP","Trueno",79,9,0
"1403","Ley Seca","Jhay Cortez, Anuel AA",44,20,0
"1404","I WANNA BE YOUR SLAVE","Måneskin",8,35,0
"1405","Toma Toma Vapo Vapo","Zé Felipe, Mc Danny",75,8,0
"1406","Praise God","Kanye West",16,19,0
"1407","Cúrame","Rauw Alejandro",35,26,0
"1408","Friday (feat. Mufasa & Hypeman) - Dopamine Re-Edit","Riton, Nightcrawlers, Mufasa & Hypeman, Dopamine",15,48,0
"1409","2055","Sleepy Hallow",31,27,0
"1410","you broke me first","Tate McRae",13,78,0
"1411","favorite crime","Olivia Rodrigo",11,31,0
"1412","Shallow","Lady Gaga, Bradley Cooper",3,171,0
"1413","Astronaut In The Ocean","Masked Wolf",3,53,"Astronaut In The Ocean"
"1414","AM Remix","Nio Garcia, J Balvin, Bad Bunny",14,30,0
"1415","All of Me","John Legend",110,145,0
"1416","The Feels","TWICE",57,16,0
"1417","OUT OUT (feat. Charli XCX & Saweetie)","Joel Corry, Jax Jones, Charli XCX, Saweetie",42,21,0
"1418","Enemy - From the series Arcane League of Legends","Imagine Dragons, Arcane, League of Legends",171,3,0
"1419","Bored","Billie Eilish",51,16,0
"1420","Qué Más Pues?","J Balvin, Maria Becerra",9,34,0
"1421","Arcade","Duncan Laurence",23,52,0
"1422","Heartbreak Anniversary","Giveon",8,47,"TAKE TIME"
"1423","When I’m Gone (with Katy Perry)","Alesso, Katy Perry",135,3,0
"1424","family ties (with Kendrick Lamar)","Baby Keem, Kendrick Lamar",30,20,0
"1425","Happier Than Ever - Edit","Billie Eilish",70,17,0
"1426","Memories","Maroon 5",2,116,0
"1427","Ella - Remix","Boza, Lunay, Lenny Tavárez, Juhn, Beéle",188,1,0
"1428","RAPSTAR","Polo G",3,40,"RAPSTAR"
"1429","Enchanted","Taylor Swift",61,10,0
"1430","WA DA DA","Kep1er",191,1,0
"1431","Miénteme","TINI, Maria Becerra",41,35,0
"1432","Parada Louca","Mari Fernandez, Marcynho Sensação",107,3,0
"1433","Fair Trade (with Travis Scott)","Drake, Travis Scott",3,19,0
"1434","Leave Before You Love Me (with Jonas Brothers)","Marshmello, Jonas Brothers",52,30,0
"1435","goosebumps","Travis Scott",13,226,0
"1436","Sigue","J Balvin, Ed Sheeran",45,1,0
"1437","RUMBATÓN","Daddy Yankee",58,1,0
"1438","chaotic","Tate McRae",83,1,0
"1439","make up sex (feat. blackbear)","Machine Gun Kelly, blackbear",91,1,0
"1440","Soy El Unico","Yahritza Y Su Esencia",97,1,0
"1441","Feel My Rhythm","Red Velvet",114,1,0
"1442","Just A Cloud Away","Pharrell Williams",115,2,0
"1443","Everlong","Foo Fighters",164,1,0
"1444","REMIX","Daddy Yankee",166,1,0
"1445","emo girl (feat. WILLOW)","Machine Gun Kelly, WILLOW",111,2,0
"1446","jealousy, jealousy","Olivia Rodrigo",17,29,0
"1447","PARA SIEMPRE","Daddy Yankee, Sech",193,1,0
"1448","Just the Way You Are","Bruno Mars",133,22,0
"1449","Love Yourself","Justin Bieber",62,50,0
"1450","Daylight","Harry Styles",10,2,0
"1451","Little Freak","Harry Styles",8,2,0
"1452","True Love","Kanye West, XXXTENTACION",24,1,0
"1453","Grapejuice","Harry Styles",11,2,0
"1454","Satellite","Harry Styles",14,2,0
"1455","N95","Kendrick Lamar",3,3,0
"1456","Love Of My Life","Harry Styles",15,2,0
"1457","Cinema","Harry Styles",13,2,0
"1458","Daydreaming","Harry Styles",16,2,0
"1459","Keep Driving","Harry Styles",19,2,0
"1460","Die Hard","Kendrick Lamar, Blxst, Amanda Reifer",8,3,0
"1461","Boyfriends","Harry Styles",22,2,0
"1462","ACORDA PEDRINHO","Jovem Dionisio",77,2,0
"1463","Un Verano Sin Ti","Bad Bunny",20,4,0
"1464","Enséñame a Bailar","Bad Bunny",27,4,0
"1465","Die Young (feat. 347aidan)","Sleepy Hallow, 347aidan",97,1,0
"1466","Thousand Miles","The Kid LAROI",18,6,"Thousand Miles"
"1467","El Apagón","Bad Bunny",28,4,0
"1468","SUPERMODEL","Måneskin",89,3,0
"1469","Agosto","Bad Bunny",30,4,0
"1470","Where Did You Go? (feat. MNEK)","Jax Jones, MNEK",116,7,0
"1471","Iris","The Goo Goo Dolls",124,5,0
"1472","That That (prod. & feat. SUGA of BTS)","PSY, SUGA",21,5,0
"1473","Rich Spirit","Kendrick Lamar",17,3,0
"1474","Dua Lipa","Jack Harlow",37,4,0
"1475","PUFFIN ON ZOOTIEZ","Future",40,5,0
"1476","En El Radio Un Cochinero","Victor Cibrian",148,1,0
"1477","TUS LÁGRIMAS","Mora, Sech",93,6,0
"1478","París","Morat, Duki",130,2,0
"1479","Adore You","Harry Styles",6,104,0
"1480","FEARLESS","LE SSERAFIM",149,4,0
"1481","10 Things I Hate About You","Leah Kate",117,6,0
"1482","LOVE DIVE","IVE",51,8,0
"1483","Balanço da Rede","Matheus Fernandes, Xand Avião",171,2,0
"1484","San Lucas","Kevin Kaarl",149,5,0
"1485","Silent Hill","Kendrick Lamar, Kodak Black",21,3,0
"1486","United In Grief","Kendrick Lamar",11,3,0
"1487","Beautiful Girl","Luciano",59,5,0
"1488","ZOOM","Jessi",89,6,0
"1489","When You're Gone","Shawn Mendes",21,9,0
"1490","Run BTS","BTS",11,1,0
"1491","For Youth","BTS",30,1,0
"1492","Born Singer","BTS",43,1,0
"1493","Cash In Cash Out","Pharrell Williams, 21 Savage, Tyler, The Creator",53,1,0
"1494","Pass The Dutchie","Musical Youth",85,2,0
"1495","So Good","Halsey",95,1,0
"1496","Nos Comemos (feat. Ozuna)","Tiago PZK, Ozuna",140,2,0
"1497","Me and Your Mama","Childish Gambino",158,2,0
"1498","Antes de Perderte","Duki",173,1,0
"1499","295","Sidhu Moose Wala",141,2,0
"1500","Boy With Luv (feat. Halsey)","BTS, Halsey",3,46,0
"1501","SLOW DANCING IN THE DARK","Joji",75,36,0
"1502","In My Head","Lil Tjay",30,1,0
"1503","Me Arrepentí","Ak4:20, Pailita, Cris Mj",80,1,0
"1504","Si Quieren Frontear","Duki, De La Ghetto, Quevedo",113,1,0
"1505","Falling","Harry Styles",29,81,0
"1506","up at night (feat. justin bieber)","Kehlani, Justin Bieber",131,1,0
"1507","Golden","Harry Styles",44,34,0
"1508","Fim de Semana no Rio","Teto",139,1,0
"1509","Still Life","BIGBANG",148,1,0
"1510","When I Was Your Man","Bruno Mars",181,2,0
"1511","Sign of the Times","Harry Styles",14,39,0
"1512","The Night We Met","Lord Huron",55,29,0
"1513","See You Again (feat. Kali Uchis)","Tyler, The Creator, Kali Uchis",144,2,0
"1514","212","Chefin, Mainstreet",89,1,0
"1515","Watercolor Eyes - From “Euphoria” An HBO Original Series","Lana Del Rey",90,1,0
"1516","Hrs & Hrs","Muni Long",119,1,0
"1517","All For Us - from the HBO Original Series Euphoria","Labrinth, Zendaya",108,3,0
"1518","Swim","Chase Atlantic",134,1,0
"1519","Waiting On A Miracle","Stephanie Beatriz",155,1,0
"1520","Problemón","Alvaro Diaz, Rauw Alejandro",158,1,0
"1521","Christmas Tree","V",100,2,0
"1522","Jocelyn Flores","XXXTENTACION",7,216,0
"1523","Chance","Paulo Londra",56,1,0
"1524","psychofreak (feat. WILLOW)","Camila Cabello, WILLOW",71,1,0
"1525","Vampiro","Matuê, WIU, Teto",82,1,0
"1526","Right On","Lil Baby",103,1,0
"1527","That's Hilarious","Charlie Puth",112,1,0
"1528","No Ouvidinho","Felipe Amorim",154,1,0
"1529","Get Lucky (feat. Pharrell Williams & Nile Rodgers) - Radio Edit","Daft Punk, Pharrell Williams, Nile Rodgers",167,1,0
"1530","Paulo Londra: Bzrp Music Sessions, Vol. 23","Bizarrap, Paulo Londra",19,1,0
"1531","With you","Jimin, HA SUNG WOON",32,1,0
"1532","Flowers","Lauren Spencer Smith",72,2,0
"1533","İmdat","cakal",97,1,0
"1534","We Made It","t-low, Miksu / Macloud",99,1,0
"1535","2step (feat. Lil Baby)","Ed Sheeran, Lil Baby",131,1,0
"1536","Scrape It Off (feat. Lil Uzi Vert & Don Toliver)","Pusha T, Lil Uzi Vert, Don Toliver",184,1,0
"1537","Photograph","Ed Sheeran",41,154,0
"1538","Hold That Heat (feat. Travis Scott)","Southside, Future, Travis Scott",196,1,0
"1539","Father Time (feat. Sampha)","Kendrick Lamar, Sampha",14,2,0
"1540","Count Me Out","Kendrick Lamar",24,2,0
"1541","Savior","Kendrick Lamar, Baby Keem, Sam Dew",29,2,0
"1542","You Proof","Morgan Wallen",91,2,0
"1543","TOUT VA BIEN (feat. Ninho & Naps)","Alonzo, Ninho, Naps",183,1,0
"1544","Honest (feat. Don Toliver)","Justin Bieber, Don Toliver",29,4,0
"1545","We Cry Together","Kendrick Lamar, Taylour Paige",22,2,0
"1546","Worldwide Steppers","Kendrick Lamar",20,1,0
"1547","Purple Hearts","Kendrick Lamar, Summer Walker, Ghostface Killah",27,1,0
"1548","Rich - Interlude","Kendrick Lamar",41,1,0
"1549","Mr. Morale","Kendrick Lamar, Tanna Leone",53,1,0
"1550","Crown","Kendrick Lamar",54,1,0
"1551","Auntie Diaries","Kendrick Lamar",61,1,0
"1552","Savior - Interlude","Kendrick Lamar",73,1,0
"1553","Mirror","Kendrick Lamar",76,1,0
"1554","Mother I Sober (feat. Beth Gibbons of Portishead)","Kendrick Lamar, Beth Gibbons",79,1,0
"1555","Stefania (Kalush Orchestra)","KALUSH",109,1,0
"1556","The Heart Part 5","Kendrick Lamar",44,2,0
"1557","Churchill Downs (feat. Drake)","Jack Harlow, Drake",57,2,0
"1558","The Foundations of Decay","My Chemical Romance",140,1,0
"1559","This Love (Taylor’s Version)","Taylor Swift",50,2,0
"1560","SloMo","Chanel",179,1,0
"1561","SPACE MAN","Sam Ryder",186,1,0
"1562","Money Trees","Kendrick Lamar, Jay Rock",143,8,0
"1563","Brividi","Mahmood, BLANCO",9,2,0
"1564","Cigarettes","Juice WRLD",27,1,0
"1565","Ginseng Strip 2002","Yung Lean",44,2,0
"1566","Do We Have A Problem?","Nicki Minaj, Lil Baby",48,1,0
"1567","Black Summer","Red Hot Chili Peppers",79,1,0
"1568","Ovunque Sarai","Irama",112,1,0
"1569","Alien Blues","Vundabar",118,4,0
"1570","Don't Play That","King Von, 21 Savage",144,1,0
"1571","High","The Chainsmokers",70,2,0
"1572","Ciao Ciao","La rappresentante di lista",151,1,0
"1573","Polaroid Love","ENHYPEN",158,2,"DIMENSION : ANSWER"
"1574","Still Don't Know My Name","Labrinth",53,16,0
"1575","INSUPERABILE","Rkomi",180,1,0
"1576","farfalle","sangiovanni",181,1,0
"1577","When I R.I.P.","Labrinth",192,1,0
"1578","Arson","j-hope",37,1,0
"1579","MORE","j-hope",22,3,0
"1580","Layla","DJ Robin, Schürze",61,3,0
"1581","Stay With Me (with Justin Timberlake, Halsey, & Pharrell)","Calvin Harris, Justin Timberlake, Halsey, Pharrell Williams",86,1,0
"1582","Sticky","Drake",17,5,0
"1583","2 Be Loved (Am I Ready)","Lizzo",167,1,0
"1584","Baile no Morro","MC Tairon, Mc Vitin Da Igrejinha, Dj Win",154,3,0
"1585","Bandido","Zé Felipe, MC Mari",125,4,0
"1586","1, 2, 3 (feat. Jason Derulo & De La Ghetto)","Sofía Reyes, Jason Derulo, De La Ghetto",31,36,0
"1587","s!r! (feat. Lazza & Sfera Ebbasta)","thasup, Lazza, Sfera Ebbasta",185,1,0
"1588","La Loto","TINI, Becky G, Anitta",157,2,0
"1589","die first","Nessa Barrett",194,1,0
"1590","Stay Alive (Prod. SUGA of BTS)","Jung Kook",10,1,0
"1591","The Joker And The Queen (feat. Taylor Swift)","Ed Sheeran, Taylor Swift",20,1,0
"1592","City of Gods","Fivio Foreign, Kanye West, Alicia Keys",57,1,0
"1593","The Next Episode","Dr. Dre, Snoop Dogg",86,1,0
"1594","Bussin","Nicki Minaj, Lil Baby",122,1,0
"1595","HUMBLE.","Kendrick Lamar",1,96,0
"1596","Forever","Labrinth",185,1,0
"1597","Worst Day","Future",192,1,0
"1598","NEW MAGIC WAND","Tyler, The Creator",54,3,0
"1599","Si Estuviésemos Juntos","Bad Bunny",197,1,0
"1600","Boys Don't Cry","Anitta",107,1,0
"1601","vice city","XXXTENTACION",181,1,0
"1602","The Rumbling (TV Size)","SiM",192,1,0
"1603","Wildest Dreams (Taylor's Version)","Taylor Swift",29,11,0
"1604","Thought You Should Know","Morgan Wallen",123,1,0
"1605","I'M ON ONE (feat. Drake)","Future, Drake",48,2,0
"1606","D.M.B.","A$AP Rocky",159,1,0
"1607","I'd Do Anything To Make You Smile","Jack Harlow",187,1,0
"1608","712PM","Future",61,1,0
"1609","KEEP IT BURNIN (feat. Kanye West)","Future, Kanye West",85,1,0
"1610","I'M DAT N****","Future",86,1,0
"1611","LOVE YOU BETTER","Future",131,1,0
"1612","FOR A NUT (feat. Gunna & Young Thug)","Future, Gunna, Young Thug",139,1,0
"1613","MASSAGING ME","Future",180,1,0
"1614","GOLD STACKS","Future",190,1,0
"1615","Are You Entertained (feat. Ed Sheeran)","Russ, Ed Sheeran",60,1,0
"1616","Love Lost","Mac Miller, The Temper Trap",175,1,0
"1617","Te Amo Demais","Marília Mendonça",177,1,0
"1618","Hot Shit (feat. Ye & Lil Durk)","Cardi B, Kanye West, Lil Durk",54,2,0
"1619","LOOSE CHANGE","Brent Faiyaz",178,1,0
"1620","ALL MINE","Brent Faiyaz",188,1,0
"1621","Paris to Tokyo","Fivio Foreign, The Kid LAROI",198,1,0
"1622","Hot In It","Tiësto, Charli XCX",150,1,0
"1623","Sharks","Imagine Dragons",111,2,0
"1624","Wrapped Around Your Finger","Post Malone",69,1,0
"1625","Lemon Tree","Post Malone",71,1,0
"1626","Reputation","Post Malone",74,1,0
"1627","Wasting Angels (with The Kid LAROI)","Post Malone, The Kid LAROI",75,1,0
"1628","I Cannot Be (A Sadder Song) (with Gunna)","Post Malone, Gunna",86,1,0
"1629","Insane","Post Malone",97,1,0
"1630","Love/Hate Letter To Alcohol (with Fleet Foxes)","Post Malone, Fleet Foxes",115,1,0
"1631","Distraction","Polo G",121,1,0
"1632","When I’m Alone","Post Malone",177,1,0
"1633","Euthanasia","Post Malone",191,1,0
"1634","Super Freaky Girl","Nicki Minaj",16,1,0
"1635","Caile","Luar La L",75,1,0
"1636","LOKERA","Rauw Alejandro, Lyanno, Brray",95,1,0
"1637","Mary On A Cross","Ghost",135,1,0
"1638","Attention","NewJeans",137,1,0
"1639","Murder In My Mind","Kordhell",163,1,0
"1640","Hype Boy","NewJeans",171,1,0
"1641","JGL","La Adictiva Banda San José de Mesillas, Luis R Conriquez",173,1,0
"1642","Sex, Drugs, Etc.","Beach Weather",175,1,0
"1643","DON'T YOU WORRY","Black Eyed Peas, Shakira, David Guetta",189,1,0
"1644","attention","Omah Lay, Justin Bieber",104,1,0
"1645","ay! (feat. Lil Wayne)","Machine Gun Kelly, Lil Wayne",114,1,0
"1646","Elliot's Song - From ""Euphoria"" An HBO Original Series","Dominic Fike, Zendaya",130,1,0
"1647","Sehnsucht","Miksu / Macloud, t-low",200,1,0
"1648","Falling Back","Drake",10,1,0
"1649","Texts Go Green","Drake",25,1,0
"1650","A Keeper","Drake",28,1,0
"1651","Calling My Name","Drake",30,1,0
"1652","Currents","Drake",38,1,0
"1653","Flight's Booked","Drake",49,1,0
"1654","Intro","Drake",61,1,0
"1655","Overdrive","Drake",68,1,0
"1656","Tie That Binds","Drake",87,1,0
"1657","Down Hill","Drake",89,1,0
"1658","Liability","Drake",96,1,0
"1659","The Kind of Love We Make","Luke Combs",194,1,0
"1660","Botadinha Saliente","MC Rogerinho",105,1,0
"1661","Depende","Dj Guuga, Wesley Safadão, Zé Felipe",129,1,0
"1662","Molhando o Volante","Jorge & Mateus",186,2,0
"1663","Closer","The Chainsmokers, Halsey",2,179,0
"1664","Permission to Dance","BTS",5,26,"Butter / Permission to Dance"
"1665","Dawn FM","The Weeknd",27,1,0
"1666","I Heard You’re Married (feat. Lil Wayne)","The Weeknd, Lil Wayne",28,1,0
"1667","Starry Eyes","The Weeknd",35,1,0
"1668","A Tale By Quincy","The Weeknd",54,1,0
"1669","Don’t Break My Heart","The Weeknd",55,1,0
"1670","Every Angel is Terrifying","The Weeknd",62,1,0
"1671","Phantom Regret by Jim","The Weeknd",92,1,0
"1672","thought i was playing","Gunna, 21 Savage",94,1,0
"1673","Miserable Man","David Kushner",135,1,0
"1674","25k jacket (feat. Lil Baby)","Gunna, Lil Baby",141,1,0
"1675","alotta cake","Gunna",146,1,0
"1676","mop (feat. Young Thug)","Gunna, Young Thug",160,1,0
"1677","Take My Breath - Single Version","The Weeknd",7,21,0
"1678","Bar","TINI, L-Gante",99,9,0
"1679","Pope Is a Rockstar","SALES",108,5,"SALES LP"
"1680","Don't Think Jesus","Morgan Wallen",96,1,0
"1681","Late To Da Party (F*CK BET) (feat. YoungBoy Never Broke Again)","Lil Nas X, YoungBoy Never Broke Again",86,1,0
"1682","From The D 2 The LBC (with Snoop Dogg)","Eminem, Snoop Dogg",135,1,0
"1683","Carolina - From The Motion Picture “Where The Crawdads Sing”","Taylor Swift",152,1,0
